-- phpMyAdmin SQL Dump
-- version 4.9.0.1
-- https://www.phpmyadmin.net/
--
-- Host: 127.0.0.1
-- Generation Time: Sep 05, 2019 at 05:44 AM
-- Server version: 10.3.16-MariaDB
-- PHP Version: 7.1.30

SET SQL_MODE = "NO_AUTO_VALUE_ON_ZERO";
SET AUTOCOMMIT = 0;
START TRANSACTION;
SET time_zone = "+00:00";


/*!40101 SET @OLD_CHARACTER_SET_CLIENT=@@CHARACTER_SET_CLIENT */;
/*!40101 SET @OLD_CHARACTER_SET_RESULTS=@@CHARACTER_SET_RESULTS */;
/*!40101 SET @OLD_COLLATION_CONNECTION=@@COLLATION_CONNECTION */;
/*!40101 SET NAMES utf8mb4 */;

--
-- Database: `village cinemas`
--

-- --------------------------------------------------------

--
-- Table structure for table `booking`
--

CREATE TABLE `booking` (
  `id` varchar(8) NOT NULL,
  `screening_hall_cinema_location` varchar(30) NOT NULL,
  `screening_hall_name` varchar(30) NOT NULL,
  `screening_movie_title` varchar(200) NOT NULL,
  `screening_start_time` datetime NOT NULL,
  `customer_first_name` varchar(20) NOT NULL,
  `customer_last_name` varchar(20) NOT NULL,
  `customer_phone_number` decimal(38,0) NOT NULL,
  `total_tickets` decimal(38,0) NOT NULL,
  `total_price` double NOT NULL,
  `active` double NOT NULL
) ENGINE=InnoDB DEFAULT CHARSET=latin1;

-- --------------------------------------------------------

--
-- Table structure for table `cinema`
--

CREATE TABLE `cinema` (
  `location` varchar(30) NOT NULL
) ENGINE=InnoDB DEFAULT CHARSET=latin1;

--
-- Dumping data for table `cinema`
--

INSERT INTO `cinema` (`location`) VALUES
('Ag. Dhmhtrios'),
('Falhro'),
('The Mall');

-- --------------------------------------------------------

--
-- Table structure for table `customer`
--

CREATE TABLE `customer` (
  `first_name` varchar(20) NOT NULL,
  `last_name` varchar(20) NOT NULL,
  `e-mail` varchar(50) DEFAULT NULL,
  `phone_number` decimal(38,0) NOT NULL
) ENGINE=InnoDB DEFAULT CHARSET=latin1;

--
-- Dumping data for table `customer`
--

INSERT INTO `customer` (`first_name`, `last_name`, `e-mail`, `phone_number`) VALUES
('Eua', 'Lumperi', 'elumperi@gmail.com', '6974185296'),
('Giannis', 'Lefantzis', '', '6936985478'),
('Giorgos', 'Alexandrakis', 'galex@hotmail.com', '6945781258'),
('Magda', 'Tasakou', 'mtasakou@hotmail.com', '6912345896'),
('Stelios', 'Dienis', 'sdienis@gmai.com', '6978945632');

-- --------------------------------------------------------

--
-- Table structure for table `hall`
--

CREATE TABLE `hall` (
  `cinema_location` varchar(30) NOT NULL,
  `name` varchar(30) NOT NULL,
  `total_seats` decimal(38,0) NOT NULL
) ENGINE=InnoDB DEFAULT CHARSET=latin1;

--
-- Dumping data for table `hall`
--

INSERT INTO `hall` (`cinema_location`, `name`, `total_seats`) VALUES
('Ag. Dhmhtrios', 'H1', '70'),
('Falhro', 'H1', '70'),
('The Mall', 'H1', '80'),
('Ag. Dhmhtrios', 'H2', '70'),
('Falhro', 'H2', '70'),
('The Mall', 'H2', '80'),
('Ag. Dhmhtrios', 'H3 - 3D', '80'),
('Falhro', 'H3 - 3D', '80'),
('The Mall', 'H3 - 3D', '90'),
('Ag. Dhmhtrios', 'H4 - 3D', '80'),
('The Mall', 'H4 - Dolby Atmos', '100'),
('Falhro', 'H4 - Gold Class', '90'),
('The Mall', 'H5 - Gold Class', '100');

-- --------------------------------------------------------

--
-- Table structure for table `movie`
--

CREATE TABLE `movie` (
  `title` varchar(200) NOT NULL,
  `description` varchar(800) NOT NULL,
  `director` varchar(30) NOT NULL,
  `genre` varchar(30) NOT NULL,
  `actor` varchar(30) NOT NULL,
  `length` decimal(38,0) NOT NULL
) ENGINE=InnoDB DEFAULT CHARSET=latin1;

--
-- Dumping data for table `movie`
--

INSERT INTO `movie` (`title`, `description`, `director`, `genre`, `actor`, `length`) VALUES
('Apollo 11', 'A look at the Apollo 11 mission to land on the moon led by commander Neil Armstrong and pilots Buzz Aldrin and Michael Collins.', 'Todd Douglas Miller', 'Documentary', 'Buzz Aldrin', '93'),
('Avengers: Endgame', 'After the devastating events of Avengers: Infinity War (2018), the universe is in ruins. With the help of remaining allies, the Avengers assemble once more in order to reverse Thanos\' actions and restore balance to the universe.', 'Anthony Russo', 'Action', 'Robert Downey Jr.', '181'),
('John Wick: Chapter 3 ? Parabellum', 'Super-assassin John Wick is on the run after killing a member of the international assassin\'s guild, and with a $14 million price tag on his head - he is the target of hit men and women everywhere.', 'Chad Stahelski', 'Crime', 'Keanu Reeves', '131'),
('Once Upon a Time in Hollywood', 'A faded television actor and his stunt double strive to achieve fame and success in the film industry during the final years of Hollywood\'s Golden Age in 1969 Los Angeles.', 'Quentin Tarantino', 'Comedy', 'Leonardo DiCaprio', '161'),
('Rocketman', 'A musical fantasy about the fantastical human story of Elton John\'s breakthrough years.', 'Dexter Fletcher', 'Biography', 'Taron Egerton', '121'),
('Spider-Man: Far From Home', 'Following the events of Avengers: Endgame (2019), Spider-Man must step up to take on new threats in a world that has changed forever.', 'Jon Watts', 'Action', 'Tom Holland', '129'),
('The Dead Don\'t Die', 'The peaceful town of Centerville finds itself battling a zombie horde as the dead start rising from their graves.', 'Jim Jarmusch', 'Horror', 'Bill Murray', '103'),
('Toy Story 4', 'When a new toy called \'Forky\' joins Woody and the gang, a road trip alongside old and new friends reveals how big the world can be for a toy.', 'Josh Cooley', 'Animation', 'Tom Hanks', '100');

-- --------------------------------------------------------

--
-- Table structure for table `screening`
--

CREATE TABLE `screening` (
  `hall_cinema_location` varchar(30) NOT NULL,
  `hall_name` varchar(30) NOT NULL,
  `movie_title` varchar(200) NOT NULL,
  `start_time` datetime NOT NULL
) ENGINE=InnoDB DEFAULT CHARSET=latin1;

--
-- Dumping data for table `screening`
--

INSERT INTO `screening` (`hall_cinema_location`, `hall_name`, `movie_title`, `start_time`) VALUES
('Ag. Dhmhtrios', 'H1', 'Avengers: Endgame', '2019-09-02 17:00:00'),
('Ag. Dhmhtrios', 'H3 - 3D', 'Avengers: Endgame', '2019-09-02 17:00:00'),
('Ag. Dhmhtrios', 'H1', 'John Wick: Chapter 3 ? Parabellum', '2019-09-02 17:00:00'),
('Ag. Dhmhtrios', 'H3 - 3D', 'John Wick: Chapter 3 ? Parabellum', '2019-09-02 17:00:00'),
('Falhro', 'H2', 'John Wick: Chapter 3 ? Parabellum', '2019-09-02 17:00:00'),
('Ag. Dhmhtrios', 'H2', 'Once Upon a Time in Hollywood', '2019-09-02 17:00:00'),
('Ag. Dhmhtrios', 'H1', 'Rocketman', '2019-09-02 17:00:00'),
('Ag. Dhmhtrios', 'H2', 'Rocketman', '2019-09-02 17:00:00'),
('Falhro', 'H4 - Gold Class', 'Rocketman', '2019-09-02 17:00:00'),
('The Mall', 'H1', 'Rocketman', '2019-09-02 17:00:00'),
('Ag. Dhmhtrios', 'H4 - 3D', 'Spider-Man: Far From Home', '2019-09-02 17:00:00'),
('The Mall', 'H4 - Dolby Atmos', 'Spider-Man: Far From Home', '2019-09-02 17:00:00'),
('Ag. Dhmhtrios', 'H2', 'Toy Story 4', '2019-09-02 17:00:00'),
('Ag. Dhmhtrios', 'H3 - 3D', 'Toy Story 4', '2019-09-02 17:00:00'),
('Falhro', 'H1', 'Toy Story 4', '2019-09-02 17:00:00'),
('Falhro', 'H3 - 3D', 'Toy Story 4', '2019-09-02 18:00:00'),
('The Mall', 'H2', 'Toy Story 4', '2019-09-02 18:00:00'),
('The Mall', 'H3 - 3D', 'Toy Story 4', '2019-09-02 18:00:00'),
('The Mall', 'H5 - Gold Class', 'Rocketman', '2019-09-02 18:30:00'),
('Falhro', 'H1', 'Rocketman', '2019-09-02 19:00:00'),
('The Mall', 'H1', 'Avengers: Endgame', '2019-09-02 19:30:00'),
('Falhro', 'H2', 'Once Upon a Time in Hollywood', '2019-09-02 19:30:00'),
('The Mall', 'H4 - Dolby Atmos', 'Once Upon a Time in Hollywood', '2019-09-02 19:30:00'),
('Ag. Dhmhtrios', 'H4 - 3D', 'Spider-Man: Far From Home', '2019-09-02 19:30:00'),
('Falhro', 'H4 - Gold Class', 'Spider-Man: Far From Home', '2019-09-02 19:30:00'),
('The Mall', 'H3 - 3D', 'Avengers: Endgame', '2019-09-02 20:00:00'),
('Falhro', 'H3 - 3D', 'John Wick: Chapter 3 ? Parabellum', '2019-09-02 20:00:00'),
('The Mall', 'H2', 'Once Upon a Time in Hollywood', '2019-09-02 20:00:00'),
('The Mall', 'H5 - Gold Class', 'John Wick: Chapter 3 ? Parabellum', '2019-09-02 21:00:00'),
('Falhro', 'H1', 'Avengers: Endgame', '2019-09-02 21:30:00'),
('Ag. Dhmhtrios', 'H4 - 3D', 'Once Upon a Time in Hollywood', '2019-09-02 22:00:00'),
('Falhro', 'H4 - Gold Class', 'Once Upon a Time in Hollywood', '2019-09-02 22:00:00'),
('The Mall', 'H4 - Dolby Atmos', 'Apollo 11', '2019-09-02 22:30:00'),
('Falhro', 'H3 - 3D', 'Avengers: Endgame', '2019-09-02 22:30:00'),
('Falhro', 'H2', 'Spider-Man: Far From Home', '2019-09-02 22:30:00'),
('The Mall', 'H1', 'Apollo 11', '2019-09-02 23:00:00'),
('The Mall', 'H2', 'The Dead Don\'t Die', '2019-09-02 23:00:00'),
('The Mall', 'H3 - 3D', 'John Wick: Chapter 3 ? Parabellum', '2019-09-02 23:30:00'),
('The Mall', 'H5 - Gold Class', 'Spider-Man: Far From Home', '2019-09-02 23:30:00'),
('Ag. Dhmhtrios', 'H1', 'Avengers: Endgame', '2019-09-03 17:00:00'),
('Ag. Dhmhtrios', 'H3 - 3D', 'Avengers: Endgame', '2019-09-03 17:00:00'),
('Ag. Dhmhtrios', 'H1', 'John Wick: Chapter 3 ? Parabellum', '2019-09-03 17:00:00'),
('Ag. Dhmhtrios', 'H3 - 3D', 'John Wick: Chapter 3 ? Parabellum', '2019-09-03 17:00:00'),
('Falhro', 'H2', 'John Wick: Chapter 3 ? Parabellum', '2019-09-03 17:00:00'),
('Ag. Dhmhtrios', 'H2', 'Once Upon a Time in Hollywood', '2019-09-03 17:00:00'),
('Ag. Dhmhtrios', 'H1', 'Rocketman', '2019-09-03 17:00:00'),
('Ag. Dhmhtrios', 'H2', 'Rocketman', '2019-09-03 17:00:00'),
('Falhro', 'H4 - Gold Class', 'Rocketman', '2019-09-03 17:00:00'),
('The Mall', 'H1', 'Rocketman', '2019-09-03 17:00:00'),
('Ag. Dhmhtrios', 'H4 - 3D', 'Spider-Man: Far From Home', '2019-09-03 17:00:00'),
('The Mall', 'H4 - Dolby Atmos', 'Spider-Man: Far From Home', '2019-09-03 17:00:00'),
('Ag. Dhmhtrios', 'H2', 'Toy Story 4', '2019-09-03 17:00:00'),
('Ag. Dhmhtrios', 'H3 - 3D', 'Toy Story 4', '2019-09-03 17:00:00'),
('Falhro', 'H1', 'Toy Story 4', '2019-09-03 17:00:00'),
('Falhro', 'H3 - 3D', 'Toy Story 4', '2019-09-03 18:00:00'),
('The Mall', 'H2', 'Toy Story 4', '2019-09-03 18:00:00'),
('The Mall', 'H3 - 3D', 'Toy Story 4', '2019-09-03 18:00:00'),
('The Mall', 'H5 - Gold Class', 'Rocketman', '2019-09-03 18:30:00'),
('Falhro', 'H1', 'Rocketman', '2019-09-03 19:00:00'),
('The Mall', 'H1', 'Avengers: Endgame', '2019-09-03 19:30:00'),
('Falhro', 'H2', 'Once Upon a Time in Hollywood', '2019-09-03 19:30:00'),
('The Mall', 'H4 - Dolby Atmos', 'Once Upon a Time in Hollywood', '2019-09-03 19:30:00'),
('Ag. Dhmhtrios', 'H4 - 3D', 'Spider-Man: Far From Home', '2019-09-03 19:30:00'),
('Falhro', 'H4 - Gold Class', 'Spider-Man: Far From Home', '2019-09-03 19:30:00'),
('The Mall', 'H3 - 3D', 'Avengers: Endgame', '2019-09-03 20:00:00'),
('Falhro', 'H3 - 3D', 'John Wick: Chapter 3 ? Parabellum', '2019-09-03 20:00:00'),
('The Mall', 'H2', 'Once Upon a Time in Hollywood', '2019-09-03 20:00:00'),
('The Mall', 'H5 - Gold Class', 'John Wick: Chapter 3 ? Parabellum', '2019-09-03 21:00:00'),
('Falhro', 'H1', 'Avengers: Endgame', '2019-09-03 21:30:00'),
('Ag. Dhmhtrios', 'H4 - 3D', 'Once Upon a Time in Hollywood', '2019-09-03 22:00:00'),
('Falhro', 'H4 - Gold Class', 'Once Upon a Time in Hollywood', '2019-09-03 22:00:00'),
('The Mall', 'H4 - Dolby Atmos', 'Apollo 11', '2019-09-03 22:30:00'),
('Falhro', 'H3 - 3D', 'Avengers: Endgame', '2019-09-03 22:30:00'),
('Falhro', 'H2', 'Spider-Man: Far From Home', '2019-09-03 22:30:00'),
('The Mall', 'H1', 'Apollo 11', '2019-09-03 23:00:00'),
('The Mall', 'H2', 'The Dead Don\'t Die', '2019-09-03 23:00:00'),
('The Mall', 'H3 - 3D', 'John Wick: Chapter 3 ? Parabellum', '2019-09-03 23:30:00'),
('The Mall', 'H5 - Gold Class', 'Spider-Man: Far From Home', '2019-09-03 23:30:00'),
('Ag. Dhmhtrios', 'H1', 'Avengers: Endgame', '2019-09-04 17:00:00'),
('Ag. Dhmhtrios', 'H3 - 3D', 'Avengers: Endgame', '2019-09-04 17:00:00'),
('Ag. Dhmhtrios', 'H1', 'John Wick: Chapter 3 ? Parabellum', '2019-09-04 17:00:00'),
('Ag. Dhmhtrios', 'H3 - 3D', 'John Wick: Chapter 3 ? Parabellum', '2019-09-04 17:00:00'),
('Falhro', 'H2', 'John Wick: Chapter 3 ? Parabellum', '2019-09-04 17:00:00'),
('Ag. Dhmhtrios', 'H2', 'Once Upon a Time in Hollywood', '2019-09-04 17:00:00'),
('Ag. Dhmhtrios', 'H1', 'Rocketman', '2019-09-04 17:00:00'),
('Ag. Dhmhtrios', 'H2', 'Rocketman', '2019-09-04 17:00:00'),
('Falhro', 'H4 - Gold Class', 'Rocketman', '2019-09-04 17:00:00'),
('The Mall', 'H1', 'Rocketman', '2019-09-04 17:00:00'),
('Ag. Dhmhtrios', 'H4 - 3D', 'Spider-Man: Far From Home', '2019-09-04 17:00:00'),
('The Mall', 'H4 - Dolby Atmos', 'Spider-Man: Far From Home', '2019-09-04 17:00:00'),
('Ag. Dhmhtrios', 'H2', 'Toy Story 4', '2019-09-04 17:00:00'),
('Ag. Dhmhtrios', 'H3 - 3D', 'Toy Story 4', '2019-09-04 17:00:00'),
('Falhro', 'H1', 'Toy Story 4', '2019-09-04 17:00:00'),
('Falhro', 'H3 - 3D', 'Toy Story 4', '2019-09-04 18:00:00'),
('The Mall', 'H2', 'Toy Story 4', '2019-09-04 18:00:00'),
('The Mall', 'H3 - 3D', 'Toy Story 4', '2019-09-04 18:00:00'),
('The Mall', 'H5 - Gold Class', 'Rocketman', '2019-09-04 18:30:00'),
('Falhro', 'H1', 'Rocketman', '2019-09-04 19:00:00'),
('The Mall', 'H1', 'Avengers: Endgame', '2019-09-04 19:30:00'),
('Falhro', 'H2', 'Once Upon a Time in Hollywood', '2019-09-04 19:30:00'),
('The Mall', 'H4 - Dolby Atmos', 'Once Upon a Time in Hollywood', '2019-09-04 19:30:00'),
('Ag. Dhmhtrios', 'H4 - 3D', 'Spider-Man: Far From Home', '2019-09-04 19:30:00'),
('Falhro', 'H4 - Gold Class', 'Spider-Man: Far From Home', '2019-09-04 19:30:00'),
('The Mall', 'H3 - 3D', 'Avengers: Endgame', '2019-09-04 20:00:00'),
('Falhro', 'H3 - 3D', 'John Wick: Chapter 3 ? Parabellum', '2019-09-04 20:00:00'),
('The Mall', 'H2', 'Once Upon a Time in Hollywood', '2019-09-04 20:00:00'),
('The Mall', 'H5 - Gold Class', 'John Wick: Chapter 3 ? Parabellum', '2019-09-04 21:00:00'),
('Falhro', 'H1', 'Avengers: Endgame', '2019-09-04 21:30:00'),
('Ag. Dhmhtrios', 'H4 - 3D', 'Once Upon a Time in Hollywood', '2019-09-04 22:00:00'),
('Falhro', 'H4 - Gold Class', 'Once Upon a Time in Hollywood', '2019-09-04 22:00:00'),
('The Mall', 'H4 - Dolby Atmos', 'Apollo 11', '2019-09-04 22:30:00'),
('Falhro', 'H3 - 3D', 'Avengers: Endgame', '2019-09-04 22:30:00'),
('Falhro', 'H2', 'Spider-Man: Far From Home', '2019-09-04 22:30:00'),
('The Mall', 'H1', 'Apollo 11', '2019-09-04 23:00:00'),
('The Mall', 'H2', 'The Dead Don\'t Die', '2019-09-04 23:00:00'),
('The Mall', 'H3 - 3D', 'John Wick: Chapter 3 ? Parabellum', '2019-09-04 23:30:00'),
('The Mall', 'H5 - Gold Class', 'Spider-Man: Far From Home', '2019-09-04 23:30:00'),
('Ag. Dhmhtrios', 'H1', 'Avengers: Endgame', '2019-09-05 17:00:00'),
('Ag. Dhmhtrios', 'H3 - 3D', 'Avengers: Endgame', '2019-09-05 17:00:00'),
('Ag. Dhmhtrios', 'H1', 'John Wick: Chapter 3 ? Parabellum', '2019-09-05 17:00:00'),
('Ag. Dhmhtrios', 'H3 - 3D', 'John Wick: Chapter 3 ? Parabellum', '2019-09-05 17:00:00'),
('Falhro', 'H2', 'John Wick: Chapter 3 ? Parabellum', '2019-09-05 17:00:00'),
('Ag. Dhmhtrios', 'H2', 'Once Upon a Time in Hollywood', '2019-09-05 17:00:00'),
('Ag. Dhmhtrios', 'H1', 'Rocketman', '2019-09-05 17:00:00'),
('Ag. Dhmhtrios', 'H2', 'Rocketman', '2019-09-05 17:00:00'),
('Falhro', 'H4 - Gold Class', 'Rocketman', '2019-09-05 17:00:00'),
('The Mall', 'H1', 'Rocketman', '2019-09-05 17:00:00'),
('Ag. Dhmhtrios', 'H4 - 3D', 'Spider-Man: Far From Home', '2019-09-05 17:00:00'),
('The Mall', 'H4 - Dolby Atmos', 'Spider-Man: Far From Home', '2019-09-05 17:00:00'),
('Ag. Dhmhtrios', 'H2', 'Toy Story 4', '2019-09-05 17:00:00'),
('Ag. Dhmhtrios', 'H3 - 3D', 'Toy Story 4', '2019-09-05 17:00:00'),
('Falhro', 'H1', 'Toy Story 4', '2019-09-05 17:00:00'),
('Falhro', 'H3 - 3D', 'Toy Story 4', '2019-09-05 18:00:00'),
('The Mall', 'H2', 'Toy Story 4', '2019-09-05 18:00:00'),
('The Mall', 'H3 - 3D', 'Toy Story 4', '2019-09-05 18:00:00'),
('The Mall', 'H5 - Gold Class', 'Rocketman', '2019-09-05 18:30:00'),
('Falhro', 'H1', 'Rocketman', '2019-09-05 19:00:00'),
('The Mall', 'H1', 'Avengers: Endgame', '2019-09-05 19:30:00'),
('Falhro', 'H2', 'Once Upon a Time in Hollywood', '2019-09-05 19:30:00'),
('The Mall', 'H4 - Dolby Atmos', 'Once Upon a Time in Hollywood', '2019-09-05 19:30:00'),
('Ag. Dhmhtrios', 'H4 - 3D', 'Spider-Man: Far From Home', '2019-09-05 19:30:00'),
('Falhro', 'H4 - Gold Class', 'Spider-Man: Far From Home', '2019-09-05 19:30:00'),
('The Mall', 'H3 - 3D', 'Avengers: Endgame', '2019-09-05 20:00:00'),
('Falhro', 'H3 - 3D', 'John Wick: Chapter 3 ? Parabellum', '2019-09-05 20:00:00'),
('The Mall', 'H2', 'Once Upon a Time in Hollywood', '2019-09-05 20:00:00'),
('The Mall', 'H5 - Gold Class', 'John Wick: Chapter 3 ? Parabellum', '2019-09-05 21:00:00'),
('Falhro', 'H1', 'Avengers: Endgame', '2019-09-05 21:30:00'),
('Ag. Dhmhtrios', 'H4 - 3D', 'Once Upon a Time in Hollywood', '2019-09-05 22:00:00'),
('Falhro', 'H4 - Gold Class', 'Once Upon a Time in Hollywood', '2019-09-05 22:00:00'),
('The Mall', 'H4 - Dolby Atmos', 'Apollo 11', '2019-09-05 22:30:00'),
('Falhro', 'H3 - 3D', 'Avengers: Endgame', '2019-09-05 22:30:00'),
('Falhro', 'H2', 'Spider-Man: Far From Home', '2019-09-05 22:30:00'),
('The Mall', 'H1', 'Apollo 11', '2019-09-05 23:00:00'),
('The Mall', 'H2', 'The Dead Don\'t Die', '2019-09-05 23:00:00'),
('The Mall', 'H3 - 3D', 'John Wick: Chapter 3 ? Parabellum', '2019-09-05 23:30:00'),
('The Mall', 'H5 - Gold Class', 'Spider-Man: Far From Home', '2019-09-05 23:30:00'),
('Ag. Dhmhtrios', 'H1', 'Avengers: Endgame', '2019-09-06 17:00:00'),
('Ag. Dhmhtrios', 'H3 - 3D', 'Avengers: Endgame', '2019-09-06 17:00:00'),
('Ag. Dhmhtrios', 'H1', 'John Wick: Chapter 3 ? Parabellum', '2019-09-06 17:00:00'),
('Ag. Dhmhtrios', 'H3 - 3D', 'John Wick: Chapter 3 ? Parabellum', '2019-09-06 17:00:00'),
('Falhro', 'H2', 'John Wick: Chapter 3 ? Parabellum', '2019-09-06 17:00:00'),
('Ag. Dhmhtrios', 'H2', 'Once Upon a Time in Hollywood', '2019-09-06 17:00:00'),
('Ag. Dhmhtrios', 'H1', 'Rocketman', '2019-09-06 17:00:00'),
('Ag. Dhmhtrios', 'H2', 'Rocketman', '2019-09-06 17:00:00'),
('Falhro', 'H4 - Gold Class', 'Rocketman', '2019-09-06 17:00:00'),
('The Mall', 'H1', 'Rocketman', '2019-09-06 17:00:00'),
('Ag. Dhmhtrios', 'H4 - 3D', 'Spider-Man: Far From Home', '2019-09-06 17:00:00'),
('The Mall', 'H4 - Dolby Atmos', 'Spider-Man: Far From Home', '2019-09-06 17:00:00'),
('Ag. Dhmhtrios', 'H2', 'Toy Story 4', '2019-09-06 17:00:00'),
('Ag. Dhmhtrios', 'H3 - 3D', 'Toy Story 4', '2019-09-06 17:00:00'),
('Falhro', 'H1', 'Toy Story 4', '2019-09-06 17:00:00'),
('Falhro', 'H3 - 3D', 'Toy Story 4', '2019-09-06 18:00:00'),
('The Mall', 'H2', 'Toy Story 4', '2019-09-06 18:00:00'),
('The Mall', 'H3 - 3D', 'Toy Story 4', '2019-09-06 18:00:00'),
('The Mall', 'H5 - Gold Class', 'Rocketman', '2019-09-06 18:30:00'),
('Falhro', 'H1', 'Rocketman', '2019-09-06 19:00:00'),
('The Mall', 'H1', 'Avengers: Endgame', '2019-09-06 19:30:00'),
('Falhro', 'H2', 'Once Upon a Time in Hollywood', '2019-09-06 19:30:00'),
('The Mall', 'H4 - Dolby Atmos', 'Once Upon a Time in Hollywood', '2019-09-06 19:30:00'),
('Ag. Dhmhtrios', 'H4 - 3D', 'Spider-Man: Far From Home', '2019-09-06 19:30:00'),
('Falhro', 'H4 - Gold Class', 'Spider-Man: Far From Home', '2019-09-06 19:30:00'),
('The Mall', 'H3 - 3D', 'Avengers: Endgame', '2019-09-06 20:00:00'),
('Falhro', 'H3 - 3D', 'John Wick: Chapter 3 ? Parabellum', '2019-09-06 20:00:00'),
('The Mall', 'H2', 'Once Upon a Time in Hollywood', '2019-09-06 20:00:00'),
('The Mall', 'H5 - Gold Class', 'John Wick: Chapter 3 ? Parabellum', '2019-09-06 21:00:00'),
('Falhro', 'H1', 'Avengers: Endgame', '2019-09-06 21:30:00'),
('Ag. Dhmhtrios', 'H4 - 3D', 'Once Upon a Time in Hollywood', '2019-09-06 22:00:00'),
('Falhro', 'H4 - Gold Class', 'Once Upon a Time in Hollywood', '2019-09-06 22:00:00'),
('The Mall', 'H4 - Dolby Atmos', 'Apollo 11', '2019-09-06 22:30:00'),
('Falhro', 'H3 - 3D', 'Avengers: Endgame', '2019-09-06 22:30:00'),
('Falhro', 'H2', 'Spider-Man: Far From Home', '2019-09-06 22:30:00'),
('The Mall', 'H1', 'Apollo 11', '2019-09-06 23:00:00'),
('The Mall', 'H2', 'The Dead Don\'t Die', '2019-09-06 23:00:00'),
('The Mall', 'H3 - 3D', 'John Wick: Chapter 3 ? Parabellum', '2019-09-06 23:30:00'),
('The Mall', 'H5 - Gold Class', 'Spider-Man: Far From Home', '2019-09-06 23:30:00');

-- --------------------------------------------------------

--
-- Table structure for table `seat`
--

CREATE TABLE `seat` (
  `hall_cinema_location` varchar(30) NOT NULL,
  `hall_name` varchar(30) NOT NULL,
  `row_number` char(1) NOT NULL,
  `seat_number` decimal(38,0) NOT NULL,
  `price` double NOT NULL
) ENGINE=InnoDB DEFAULT CHARSET=latin1;

--
-- Dumping data for table `seat`
--

INSERT INTO `seat` (`hall_cinema_location`, `hall_name`, `row_number`, `seat_number`, `price`) VALUES
('Ag. Dhmhtrios', 'H1', 'A', '1', 5),
('Ag. Dhmhtrios', 'H2', 'A', '1', 5),
('Ag. Dhmhtrios', 'H3 - 3D', 'A', '1', 7),
('Ag. Dhmhtrios', 'H4 - 3D', 'A', '1', 7),
('Falhro', 'H1', 'A', '1', 5),
('Falhro', 'H2', 'A', '1', 5),
('Falhro', 'H3 - 3D', 'A', '1', 7),
('Falhro', 'H4 - Gold Class', 'A', '1', 8),
('The Mall', 'H1', 'A', '1', 5),
('The Mall', 'H2', 'A', '1', 5),
('The Mall', 'H3 - 3D', 'A', '1', 7),
('The Mall', 'H4 - Dolby Atmos', 'A', '1', 7),
('The Mall', 'H5 - Gold Class', 'A', '1', 8),
('Ag. Dhmhtrios', 'H1', 'A', '2', 5),
('Ag. Dhmhtrios', 'H2', 'A', '2', 5),
('Ag. Dhmhtrios', 'H3 - 3D', 'A', '2', 7),
('Ag. Dhmhtrios', 'H4 - 3D', 'A', '2', 7),
('Falhro', 'H1', 'A', '2', 5),
('Falhro', 'H2', 'A', '2', 5),
('Falhro', 'H3 - 3D', 'A', '2', 7),
('Falhro', 'H4 - Gold Class', 'A', '2', 8),
('The Mall', 'H1', 'A', '2', 5),
('The Mall', 'H2', 'A', '2', 5),
('The Mall', 'H3 - 3D', 'A', '2', 7),
('The Mall', 'H4 - Dolby Atmos', 'A', '2', 7),
('The Mall', 'H5 - Gold Class', 'A', '2', 8),
('Ag. Dhmhtrios', 'H1', 'A', '3', 5),
('Ag. Dhmhtrios', 'H2', 'A', '3', 5),
('Ag. Dhmhtrios', 'H3 - 3D', 'A', '3', 7),
('Ag. Dhmhtrios', 'H4 - 3D', 'A', '3', 7),
('Falhro', 'H1', 'A', '3', 5),
('Falhro', 'H2', 'A', '3', 5),
('Falhro', 'H3 - 3D', 'A', '3', 7),
('Falhro', 'H4 - Gold Class', 'A', '3', 8),
('The Mall', 'H1', 'A', '3', 5),
('The Mall', 'H2', 'A', '3', 5),
('The Mall', 'H3 - 3D', 'A', '3', 7),
('The Mall', 'H4 - Dolby Atmos', 'A', '3', 7),
('The Mall', 'H5 - Gold Class', 'A', '3', 8),
('Ag. Dhmhtrios', 'H1', 'A', '4', 5),
('Ag. Dhmhtrios', 'H2', 'A', '4', 5),
('Ag. Dhmhtrios', 'H3 - 3D', 'A', '4', 7),
('Ag. Dhmhtrios', 'H4 - 3D', 'A', '4', 7),
('Falhro', 'H1', 'A', '4', 5),
('Falhro', 'H2', 'A', '4', 5),
('Falhro', 'H3 - 3D', 'A', '4', 7),
('Falhro', 'H4 - Gold Class', 'A', '4', 8),
('The Mall', 'H1', 'A', '4', 5),
('The Mall', 'H2', 'A', '4', 5),
('The Mall', 'H3 - 3D', 'A', '4', 7),
('The Mall', 'H4 - Dolby Atmos', 'A', '4', 7),
('The Mall', 'H5 - Gold Class', 'A', '4', 8),
('Ag. Dhmhtrios', 'H1', 'A', '5', 5),
('Ag. Dhmhtrios', 'H2', 'A', '5', 5),
('Ag. Dhmhtrios', 'H3 - 3D', 'A', '5', 7),
('Ag. Dhmhtrios', 'H4 - 3D', 'A', '5', 7),
('Falhro', 'H1', 'A', '5', 5),
('Falhro', 'H2', 'A', '5', 5),
('Falhro', 'H3 - 3D', 'A', '5', 7),
('Falhro', 'H4 - Gold Class', 'A', '5', 8),
('The Mall', 'H1', 'A', '5', 5),
('The Mall', 'H2', 'A', '5', 5),
('The Mall', 'H3 - 3D', 'A', '5', 7),
('The Mall', 'H4 - Dolby Atmos', 'A', '5', 7),
('The Mall', 'H5 - Gold Class', 'A', '5', 8),
('Ag. Dhmhtrios', 'H1', 'A', '6', 5),
('Ag. Dhmhtrios', 'H2', 'A', '6', 5),
('Ag. Dhmhtrios', 'H3 - 3D', 'A', '6', 7),
('Ag. Dhmhtrios', 'H4 - 3D', 'A', '6', 7),
('Falhro', 'H1', 'A', '6', 5),
('Falhro', 'H2', 'A', '6', 5),
('Falhro', 'H3 - 3D', 'A', '6', 7),
('Falhro', 'H4 - Gold Class', 'A', '6', 8),
('The Mall', 'H1', 'A', '6', 5),
('The Mall', 'H2', 'A', '6', 5),
('The Mall', 'H3 - 3D', 'A', '6', 7),
('The Mall', 'H4 - Dolby Atmos', 'A', '6', 7),
('The Mall', 'H5 - Gold Class', 'A', '6', 8),
('Ag. Dhmhtrios', 'H1', 'A', '7', 5),
('Ag. Dhmhtrios', 'H2', 'A', '7', 5),
('Ag. Dhmhtrios', 'H3 - 3D', 'A', '7', 7),
('Ag. Dhmhtrios', 'H4 - 3D', 'A', '7', 7),
('Falhro', 'H1', 'A', '7', 5),
('Falhro', 'H2', 'A', '7', 5),
('Falhro', 'H3 - 3D', 'A', '7', 7),
('Falhro', 'H4 - Gold Class', 'A', '7', 8),
('The Mall', 'H1', 'A', '7', 5),
('The Mall', 'H2', 'A', '7', 5),
('The Mall', 'H3 - 3D', 'A', '7', 7),
('The Mall', 'H4 - Dolby Atmos', 'A', '7', 7),
('The Mall', 'H5 - Gold Class', 'A', '7', 8),
('Ag. Dhmhtrios', 'H1', 'A', '8', 5),
('Ag. Dhmhtrios', 'H2', 'A', '8', 5),
('Ag. Dhmhtrios', 'H3 - 3D', 'A', '8', 7),
('Ag. Dhmhtrios', 'H4 - 3D', 'A', '8', 7),
('Falhro', 'H1', 'A', '8', 5),
('Falhro', 'H2', 'A', '8', 5),
('Falhro', 'H3 - 3D', 'A', '8', 7),
('Falhro', 'H4 - Gold Class', 'A', '8', 8),
('The Mall', 'H1', 'A', '8', 5),
('The Mall', 'H2', 'A', '8', 5),
('The Mall', 'H3 - 3D', 'A', '8', 7),
('The Mall', 'H4 - Dolby Atmos', 'A', '8', 7),
('The Mall', 'H5 - Gold Class', 'A', '8', 8),
('Ag. Dhmhtrios', 'H1', 'A', '9', 5),
('Ag. Dhmhtrios', 'H2', 'A', '9', 5),
('Ag. Dhmhtrios', 'H3 - 3D', 'A', '9', 7),
('Ag. Dhmhtrios', 'H4 - 3D', 'A', '9', 7),
('Falhro', 'H1', 'A', '9', 5),
('Falhro', 'H2', 'A', '9', 5),
('Falhro', 'H3 - 3D', 'A', '9', 7),
('Falhro', 'H4 - Gold Class', 'A', '9', 8),
('The Mall', 'H1', 'A', '9', 5),
('The Mall', 'H2', 'A', '9', 5),
('The Mall', 'H3 - 3D', 'A', '9', 7),
('The Mall', 'H4 - Dolby Atmos', 'A', '9', 7),
('The Mall', 'H5 - Gold Class', 'A', '9', 8),
('Ag. Dhmhtrios', 'H1', 'A', '10', 5),
('Ag. Dhmhtrios', 'H2', 'A', '10', 5),
('Ag. Dhmhtrios', 'H3 - 3D', 'A', '10', 7),
('Ag. Dhmhtrios', 'H4 - 3D', 'A', '10', 7),
('Falhro', 'H1', 'A', '10', 5),
('Falhro', 'H2', 'A', '10', 5),
('Falhro', 'H3 - 3D', 'A', '10', 7),
('Falhro', 'H4 - Gold Class', 'A', '10', 8),
('The Mall', 'H1', 'A', '10', 5),
('The Mall', 'H2', 'A', '10', 5),
('The Mall', 'H3 - 3D', 'A', '10', 7),
('The Mall', 'H4 - Dolby Atmos', 'A', '10', 7),
('The Mall', 'H5 - Gold Class', 'A', '10', 8),
('Ag. Dhmhtrios', 'H1', 'B', '1', 5),
('Ag. Dhmhtrios', 'H2', 'B', '1', 5),
('Ag. Dhmhtrios', 'H3 - 3D', 'B', '1', 7),
('Ag. Dhmhtrios', 'H4 - 3D', 'B', '1', 7),
('Falhro', 'H1', 'B', '1', 5),
('Falhro', 'H2', 'B', '1', 5),
('Falhro', 'H3 - 3D', 'B', '1', 7),
('Falhro', 'H4 - Gold Class', 'B', '1', 8),
('The Mall', 'H1', 'B', '1', 5),
('The Mall', 'H2', 'B', '1', 5),
('The Mall', 'H3 - 3D', 'B', '1', 7),
('The Mall', 'H4 - Dolby Atmos', 'B', '1', 7),
('The Mall', 'H5 - Gold Class', 'B', '1', 8),
('Ag. Dhmhtrios', 'H1', 'B', '2', 5),
('Ag. Dhmhtrios', 'H2', 'B', '2', 5),
('Ag. Dhmhtrios', 'H3 - 3D', 'B', '2', 7),
('Ag. Dhmhtrios', 'H4 - 3D', 'B', '2', 7),
('Falhro', 'H1', 'B', '2', 5),
('Falhro', 'H2', 'B', '2', 5),
('Falhro', 'H3 - 3D', 'B', '2', 7),
('Falhro', 'H4 - Gold Class', 'B', '2', 8),
('The Mall', 'H1', 'B', '2', 5),
('The Mall', 'H2', 'B', '2', 5),
('The Mall', 'H3 - 3D', 'B', '2', 7),
('The Mall', 'H4 - Dolby Atmos', 'B', '2', 7),
('The Mall', 'H5 - Gold Class', 'B', '2', 8),
('Ag. Dhmhtrios', 'H1', 'B', '3', 5),
('Ag. Dhmhtrios', 'H2', 'B', '3', 5),
('Ag. Dhmhtrios', 'H3 - 3D', 'B', '3', 7),
('Ag. Dhmhtrios', 'H4 - 3D', 'B', '3', 7),
('Falhro', 'H1', 'B', '3', 5),
('Falhro', 'H2', 'B', '3', 5),
('Falhro', 'H3 - 3D', 'B', '3', 7),
('Falhro', 'H4 - Gold Class', 'B', '3', 8),
('The Mall', 'H1', 'B', '3', 5),
('The Mall', 'H2', 'B', '3', 5),
('The Mall', 'H3 - 3D', 'B', '3', 7),
('The Mall', 'H4 - Dolby Atmos', 'B', '3', 7),
('The Mall', 'H5 - Gold Class', 'B', '3', 8),
('Ag. Dhmhtrios', 'H1', 'B', '4', 5),
('Ag. Dhmhtrios', 'H2', 'B', '4', 5),
('Ag. Dhmhtrios', 'H3 - 3D', 'B', '4', 7),
('Ag. Dhmhtrios', 'H4 - 3D', 'B', '4', 7),
('Falhro', 'H1', 'B', '4', 5),
('Falhro', 'H2', 'B', '4', 5),
('Falhro', 'H3 - 3D', 'B', '4', 7),
('Falhro', 'H4 - Gold Class', 'B', '4', 8),
('The Mall', 'H1', 'B', '4', 5),
('The Mall', 'H2', 'B', '4', 5),
('The Mall', 'H3 - 3D', 'B', '4', 7),
('The Mall', 'H4 - Dolby Atmos', 'B', '4', 7),
('The Mall', 'H5 - Gold Class', 'B', '4', 8),
('Ag. Dhmhtrios', 'H1', 'B', '5', 5),
('Ag. Dhmhtrios', 'H2', 'B', '5', 5),
('Ag. Dhmhtrios', 'H3 - 3D', 'B', '5', 7),
('Ag. Dhmhtrios', 'H4 - 3D', 'B', '5', 7),
('Falhro', 'H1', 'B', '5', 5),
('Falhro', 'H2', 'B', '5', 5),
('Falhro', 'H3 - 3D', 'B', '5', 7),
('Falhro', 'H4 - Gold Class', 'B', '5', 8),
('The Mall', 'H1', 'B', '5', 5),
('The Mall', 'H2', 'B', '5', 5),
('The Mall', 'H3 - 3D', 'B', '5', 7),
('The Mall', 'H4 - Dolby Atmos', 'B', '5', 7),
('The Mall', 'H5 - Gold Class', 'B', '5', 8),
('Ag. Dhmhtrios', 'H1', 'B', '6', 5),
('Ag. Dhmhtrios', 'H2', 'B', '6', 5),
('Ag. Dhmhtrios', 'H3 - 3D', 'B', '6', 7),
('Ag. Dhmhtrios', 'H4 - 3D', 'B', '6', 7),
('Falhro', 'H1', 'B', '6', 5),
('Falhro', 'H2', 'B', '6', 5),
('Falhro', 'H3 - 3D', 'B', '6', 7),
('Falhro', 'H4 - Gold Class', 'B', '6', 8),
('The Mall', 'H1', 'B', '6', 5),
('The Mall', 'H2', 'B', '6', 5),
('The Mall', 'H3 - 3D', 'B', '6', 7),
('The Mall', 'H4 - Dolby Atmos', 'B', '6', 7),
('The Mall', 'H5 - Gold Class', 'B', '6', 8),
('Ag. Dhmhtrios', 'H1', 'B', '7', 5),
('Ag. Dhmhtrios', 'H2', 'B', '7', 5),
('Ag. Dhmhtrios', 'H3 - 3D', 'B', '7', 7),
('Ag. Dhmhtrios', 'H4 - 3D', 'B', '7', 7),
('Falhro', 'H1', 'B', '7', 5),
('Falhro', 'H2', 'B', '7', 5),
('Falhro', 'H3 - 3D', 'B', '7', 7),
('Falhro', 'H4 - Gold Class', 'B', '7', 8),
('The Mall', 'H1', 'B', '7', 5),
('The Mall', 'H2', 'B', '7', 5),
('The Mall', 'H3 - 3D', 'B', '7', 7),
('The Mall', 'H4 - Dolby Atmos', 'B', '7', 7),
('The Mall', 'H5 - Gold Class', 'B', '7', 8),
('Ag. Dhmhtrios', 'H1', 'B', '8', 5),
('Ag. Dhmhtrios', 'H2', 'B', '8', 5),
('Ag. Dhmhtrios', 'H3 - 3D', 'B', '8', 7),
('Ag. Dhmhtrios', 'H4 - 3D', 'B', '8', 7),
('Falhro', 'H1', 'B', '8', 5),
('Falhro', 'H2', 'B', '8', 5),
('Falhro', 'H3 - 3D', 'B', '8', 7),
('Falhro', 'H4 - Gold Class', 'B', '8', 8),
('The Mall', 'H1', 'B', '8', 5),
('The Mall', 'H2', 'B', '8', 5),
('The Mall', 'H3 - 3D', 'B', '8', 7),
('The Mall', 'H4 - Dolby Atmos', 'B', '8', 7),
('The Mall', 'H5 - Gold Class', 'B', '8', 8),
('Ag. Dhmhtrios', 'H1', 'B', '9', 5),
('Ag. Dhmhtrios', 'H2', 'B', '9', 5),
('Ag. Dhmhtrios', 'H3 - 3D', 'B', '9', 7),
('Ag. Dhmhtrios', 'H4 - 3D', 'B', '9', 7),
('Falhro', 'H1', 'B', '9', 5),
('Falhro', 'H2', 'B', '9', 5),
('Falhro', 'H3 - 3D', 'B', '9', 7),
('Falhro', 'H4 - Gold Class', 'B', '9', 8),
('The Mall', 'H1', 'B', '9', 5),
('The Mall', 'H2', 'B', '9', 5),
('The Mall', 'H3 - 3D', 'B', '9', 7),
('The Mall', 'H4 - Dolby Atmos', 'B', '9', 7),
('The Mall', 'H5 - Gold Class', 'B', '9', 8),
('Ag. Dhmhtrios', 'H1', 'B', '10', 5),
('Ag. Dhmhtrios', 'H2', 'B', '10', 5),
('Ag. Dhmhtrios', 'H3 - 3D', 'B', '10', 7),
('Ag. Dhmhtrios', 'H4 - 3D', 'B', '10', 7),
('Falhro', 'H1', 'B', '10', 5),
('Falhro', 'H2', 'B', '10', 5),
('Falhro', 'H3 - 3D', 'B', '10', 7),
('Falhro', 'H4 - Gold Class', 'B', '10', 8),
('The Mall', 'H1', 'B', '10', 5),
('The Mall', 'H2', 'B', '10', 5),
('The Mall', 'H3 - 3D', 'B', '10', 7),
('The Mall', 'H4 - Dolby Atmos', 'B', '10', 7),
('The Mall', 'H5 - Gold Class', 'B', '10', 8),
('Ag. Dhmhtrios', 'H1', 'C', '1', 5),
('Ag. Dhmhtrios', 'H2', 'C', '1', 5),
('Ag. Dhmhtrios', 'H3 - 3D', 'C', '1', 7),
('Ag. Dhmhtrios', 'H4 - 3D', 'C', '1', 7),
('Falhro', 'H1', 'C', '1', 5),
('Falhro', 'H2', 'C', '1', 5),
('Falhro', 'H3 - 3D', 'C', '1', 7),
('Falhro', 'H4 - Gold Class', 'C', '1', 8),
('The Mall', 'H1', 'C', '1', 5),
('The Mall', 'H2', 'C', '1', 5),
('The Mall', 'H3 - 3D', 'C', '1', 7),
('The Mall', 'H4 - Dolby Atmos', 'C', '1', 7),
('The Mall', 'H5 - Gold Class', 'C', '1', 8),
('Ag. Dhmhtrios', 'H1', 'C', '2', 5),
('Ag. Dhmhtrios', 'H2', 'C', '2', 5),
('Ag. Dhmhtrios', 'H3 - 3D', 'C', '2', 7),
('Ag. Dhmhtrios', 'H4 - 3D', 'C', '2', 7),
('Falhro', 'H1', 'C', '2', 5),
('Falhro', 'H2', 'C', '2', 5),
('Falhro', 'H3 - 3D', 'C', '2', 7),
('Falhro', 'H4 - Gold Class', 'C', '2', 8),
('The Mall', 'H1', 'C', '2', 5),
('The Mall', 'H2', 'C', '2', 5),
('The Mall', 'H3 - 3D', 'C', '2', 7),
('The Mall', 'H4 - Dolby Atmos', 'C', '2', 7),
('The Mall', 'H5 - Gold Class', 'C', '2', 8),
('Ag. Dhmhtrios', 'H1', 'C', '3', 5),
('Ag. Dhmhtrios', 'H2', 'C', '3', 5),
('Ag. Dhmhtrios', 'H3 - 3D', 'C', '3', 7),
('Ag. Dhmhtrios', 'H4 - 3D', 'C', '3', 7),
('Falhro', 'H1', 'C', '3', 5),
('Falhro', 'H2', 'C', '3', 5),
('Falhro', 'H3 - 3D', 'C', '3', 7),
('Falhro', 'H4 - Gold Class', 'C', '3', 8),
('The Mall', 'H1', 'C', '3', 5),
('The Mall', 'H2', 'C', '3', 5),
('The Mall', 'H3 - 3D', 'C', '3', 7),
('The Mall', 'H4 - Dolby Atmos', 'C', '3', 7),
('The Mall', 'H5 - Gold Class', 'C', '3', 8),
('Ag. Dhmhtrios', 'H1', 'C', '4', 5),
('Ag. Dhmhtrios', 'H2', 'C', '4', 5),
('Ag. Dhmhtrios', 'H3 - 3D', 'C', '4', 7),
('Ag. Dhmhtrios', 'H4 - 3D', 'C', '4', 7),
('Falhro', 'H1', 'C', '4', 5),
('Falhro', 'H2', 'C', '4', 5),
('Falhro', 'H3 - 3D', 'C', '4', 7),
('Falhro', 'H4 - Gold Class', 'C', '4', 8),
('The Mall', 'H1', 'C', '4', 5),
('The Mall', 'H2', 'C', '4', 5),
('The Mall', 'H3 - 3D', 'C', '4', 7),
('The Mall', 'H4 - Dolby Atmos', 'C', '4', 7),
('The Mall', 'H5 - Gold Class', 'C', '4', 8),
('Ag. Dhmhtrios', 'H1', 'C', '5', 5),
('Ag. Dhmhtrios', 'H2', 'C', '5', 5),
('Ag. Dhmhtrios', 'H3 - 3D', 'C', '5', 7),
('Ag. Dhmhtrios', 'H4 - 3D', 'C', '5', 7),
('Falhro', 'H1', 'C', '5', 5),
('Falhro', 'H2', 'C', '5', 5),
('Falhro', 'H3 - 3D', 'C', '5', 7),
('Falhro', 'H4 - Gold Class', 'C', '5', 8),
('The Mall', 'H1', 'C', '5', 5),
('The Mall', 'H2', 'C', '5', 5),
('The Mall', 'H3 - 3D', 'C', '5', 7),
('The Mall', 'H4 - Dolby Atmos', 'C', '5', 7),
('The Mall', 'H5 - Gold Class', 'C', '5', 8),
('Ag. Dhmhtrios', 'H1', 'C', '6', 5),
('Ag. Dhmhtrios', 'H2', 'C', '6', 5),
('Ag. Dhmhtrios', 'H3 - 3D', 'C', '6', 7),
('Ag. Dhmhtrios', 'H4 - 3D', 'C', '6', 7),
('Falhro', 'H1', 'C', '6', 5),
('Falhro', 'H2', 'C', '6', 5),
('Falhro', 'H3 - 3D', 'C', '6', 7),
('Falhro', 'H4 - Gold Class', 'C', '6', 8),
('The Mall', 'H1', 'C', '6', 5),
('The Mall', 'H2', 'C', '6', 5),
('The Mall', 'H3 - 3D', 'C', '6', 7),
('The Mall', 'H4 - Dolby Atmos', 'C', '6', 7),
('The Mall', 'H5 - Gold Class', 'C', '6', 8),
('Ag. Dhmhtrios', 'H1', 'C', '7', 5),
('Ag. Dhmhtrios', 'H2', 'C', '7', 5),
('Ag. Dhmhtrios', 'H3 - 3D', 'C', '7', 7),
('Ag. Dhmhtrios', 'H4 - 3D', 'C', '7', 7),
('Falhro', 'H1', 'C', '7', 5),
('Falhro', 'H2', 'C', '7', 5),
('Falhro', 'H3 - 3D', 'C', '7', 7),
('Falhro', 'H4 - Gold Class', 'C', '7', 8),
('The Mall', 'H1', 'C', '7', 5),
('The Mall', 'H2', 'C', '7', 5),
('The Mall', 'H3 - 3D', 'C', '7', 7),
('The Mall', 'H4 - Dolby Atmos', 'C', '7', 7),
('The Mall', 'H5 - Gold Class', 'C', '7', 8),
('Ag. Dhmhtrios', 'H1', 'C', '8', 5),
('Ag. Dhmhtrios', 'H2', 'C', '8', 5),
('Ag. Dhmhtrios', 'H3 - 3D', 'C', '8', 7),
('Ag. Dhmhtrios', 'H4 - 3D', 'C', '8', 7),
('Falhro', 'H1', 'C', '8', 5),
('Falhro', 'H2', 'C', '8', 5),
('Falhro', 'H3 - 3D', 'C', '8', 7),
('Falhro', 'H4 - Gold Class', 'C', '8', 8),
('The Mall', 'H1', 'C', '8', 5),
('The Mall', 'H2', 'C', '8', 5),
('The Mall', 'H3 - 3D', 'C', '8', 7),
('The Mall', 'H4 - Dolby Atmos', 'C', '8', 7),
('The Mall', 'H5 - Gold Class', 'C', '8', 8),
('Ag. Dhmhtrios', 'H1', 'C', '9', 5),
('Ag. Dhmhtrios', 'H2', 'C', '9', 5),
('Ag. Dhmhtrios', 'H3 - 3D', 'C', '9', 7),
('Ag. Dhmhtrios', 'H4 - 3D', 'C', '9', 7),
('Falhro', 'H1', 'C', '9', 5),
('Falhro', 'H2', 'C', '9', 5),
('Falhro', 'H3 - 3D', 'C', '9', 7),
('Falhro', 'H4 - Gold Class', 'C', '9', 8),
('The Mall', 'H1', 'C', '9', 5),
('The Mall', 'H2', 'C', '9', 5),
('The Mall', 'H3 - 3D', 'C', '9', 7),
('The Mall', 'H4 - Dolby Atmos', 'C', '9', 7),
('The Mall', 'H5 - Gold Class', 'C', '9', 8),
('Ag. Dhmhtrios', 'H1', 'C', '10', 5),
('Ag. Dhmhtrios', 'H2', 'C', '10', 5),
('Ag. Dhmhtrios', 'H3 - 3D', 'C', '10', 7),
('Ag. Dhmhtrios', 'H4 - 3D', 'C', '10', 7),
('Falhro', 'H1', 'C', '10', 5),
('Falhro', 'H2', 'C', '10', 5),
('Falhro', 'H3 - 3D', 'C', '10', 7),
('Falhro', 'H4 - Gold Class', 'C', '10', 8),
('The Mall', 'H1', 'C', '10', 5),
('The Mall', 'H2', 'C', '10', 5),
('The Mall', 'H3 - 3D', 'C', '10', 7),
('The Mall', 'H4 - Dolby Atmos', 'C', '10', 7),
('The Mall', 'H5 - Gold Class', 'C', '10', 8),
('Ag. Dhmhtrios', 'H1', 'D', '1', 5),
('Ag. Dhmhtrios', 'H2', 'D', '1', 5),
('Ag. Dhmhtrios', 'H3 - 3D', 'D', '1', 7),
('Ag. Dhmhtrios', 'H4 - 3D', 'D', '1', 7),
('Falhro', 'H1', 'D', '1', 5),
('Falhro', 'H2', 'D', '1', 5),
('Falhro', 'H3 - 3D', 'D', '1', 7),
('Falhro', 'H4 - Gold Class', 'D', '1', 8),
('The Mall', 'H1', 'D', '1', 5),
('The Mall', 'H2', 'D', '1', 5),
('The Mall', 'H3 - 3D', 'D', '1', 7),
('The Mall', 'H4 - Dolby Atmos', 'D', '1', 7),
('The Mall', 'H5 - Gold Class', 'D', '1', 8),
('Ag. Dhmhtrios', 'H1', 'D', '2', 5),
('Ag. Dhmhtrios', 'H2', 'D', '2', 5),
('Ag. Dhmhtrios', 'H3 - 3D', 'D', '2', 7),
('Ag. Dhmhtrios', 'H4 - 3D', 'D', '2', 7),
('Falhro', 'H1', 'D', '2', 5),
('Falhro', 'H2', 'D', '2', 5),
('Falhro', 'H3 - 3D', 'D', '2', 7),
('Falhro', 'H4 - Gold Class', 'D', '2', 8),
('The Mall', 'H1', 'D', '2', 5),
('The Mall', 'H2', 'D', '2', 5),
('The Mall', 'H3 - 3D', 'D', '2', 7),
('The Mall', 'H4 - Dolby Atmos', 'D', '2', 7),
('The Mall', 'H5 - Gold Class', 'D', '2', 8),
('Ag. Dhmhtrios', 'H1', 'D', '3', 5),
('Ag. Dhmhtrios', 'H2', 'D', '3', 5),
('Ag. Dhmhtrios', 'H3 - 3D', 'D', '3', 7),
('Ag. Dhmhtrios', 'H4 - 3D', 'D', '3', 7),
('Falhro', 'H1', 'D', '3', 5),
('Falhro', 'H2', 'D', '3', 5),
('Falhro', 'H3 - 3D', 'D', '3', 7),
('Falhro', 'H4 - Gold Class', 'D', '3', 8),
('The Mall', 'H1', 'D', '3', 5),
('The Mall', 'H2', 'D', '3', 5),
('The Mall', 'H3 - 3D', 'D', '3', 7),
('The Mall', 'H4 - Dolby Atmos', 'D', '3', 7),
('The Mall', 'H5 - Gold Class', 'D', '3', 8),
('Ag. Dhmhtrios', 'H1', 'D', '4', 5),
('Ag. Dhmhtrios', 'H2', 'D', '4', 5),
('Ag. Dhmhtrios', 'H3 - 3D', 'D', '4', 7),
('Ag. Dhmhtrios', 'H4 - 3D', 'D', '4', 7),
('Falhro', 'H1', 'D', '4', 5),
('Falhro', 'H2', 'D', '4', 5),
('Falhro', 'H3 - 3D', 'D', '4', 7),
('Falhro', 'H4 - Gold Class', 'D', '4', 8),
('The Mall', 'H1', 'D', '4', 5),
('The Mall', 'H2', 'D', '4', 5),
('The Mall', 'H3 - 3D', 'D', '4', 7),
('The Mall', 'H4 - Dolby Atmos', 'D', '4', 7),
('The Mall', 'H5 - Gold Class', 'D', '4', 8),
('Ag. Dhmhtrios', 'H1', 'D', '5', 5),
('Ag. Dhmhtrios', 'H2', 'D', '5', 5),
('Ag. Dhmhtrios', 'H3 - 3D', 'D', '5', 7),
('Ag. Dhmhtrios', 'H4 - 3D', 'D', '5', 7),
('Falhro', 'H1', 'D', '5', 5),
('Falhro', 'H2', 'D', '5', 5),
('Falhro', 'H3 - 3D', 'D', '5', 7),
('Falhro', 'H4 - Gold Class', 'D', '5', 8),
('The Mall', 'H1', 'D', '5', 5),
('The Mall', 'H2', 'D', '5', 5),
('The Mall', 'H3 - 3D', 'D', '5', 7),
('The Mall', 'H4 - Dolby Atmos', 'D', '5', 7),
('The Mall', 'H5 - Gold Class', 'D', '5', 8),
('Ag. Dhmhtrios', 'H1', 'D', '6', 5),
('Ag. Dhmhtrios', 'H2', 'D', '6', 5),
('Ag. Dhmhtrios', 'H3 - 3D', 'D', '6', 7),
('Ag. Dhmhtrios', 'H4 - 3D', 'D', '6', 7),
('Falhro', 'H1', 'D', '6', 5),
('Falhro', 'H2', 'D', '6', 5),
('Falhro', 'H3 - 3D', 'D', '6', 7),
('Falhro', 'H4 - Gold Class', 'D', '6', 8),
('The Mall', 'H1', 'D', '6', 5),
('The Mall', 'H2', 'D', '6', 5),
('The Mall', 'H3 - 3D', 'D', '6', 7),
('The Mall', 'H4 - Dolby Atmos', 'D', '6', 7),
('The Mall', 'H5 - Gold Class', 'D', '6', 8),
('Ag. Dhmhtrios', 'H1', 'D', '7', 5),
('Ag. Dhmhtrios', 'H2', 'D', '7', 5),
('Ag. Dhmhtrios', 'H3 - 3D', 'D', '7', 7),
('Ag. Dhmhtrios', 'H4 - 3D', 'D', '7', 7),
('Falhro', 'H1', 'D', '7', 5),
('Falhro', 'H2', 'D', '7', 5),
('Falhro', 'H3 - 3D', 'D', '7', 7),
('Falhro', 'H4 - Gold Class', 'D', '7', 8),
('The Mall', 'H1', 'D', '7', 5),
('The Mall', 'H2', 'D', '7', 5),
('The Mall', 'H3 - 3D', 'D', '7', 7),
('The Mall', 'H4 - Dolby Atmos', 'D', '7', 7),
('The Mall', 'H5 - Gold Class', 'D', '7', 8),
('Ag. Dhmhtrios', 'H1', 'D', '8', 5),
('Ag. Dhmhtrios', 'H2', 'D', '8', 5),
('Ag. Dhmhtrios', 'H3 - 3D', 'D', '8', 7),
('Ag. Dhmhtrios', 'H4 - 3D', 'D', '8', 7),
('Falhro', 'H1', 'D', '8', 5),
('Falhro', 'H2', 'D', '8', 5),
('Falhro', 'H3 - 3D', 'D', '8', 7),
('Falhro', 'H4 - Gold Class', 'D', '8', 8),
('The Mall', 'H1', 'D', '8', 5),
('The Mall', 'H2', 'D', '8', 5),
('The Mall', 'H3 - 3D', 'D', '8', 7),
('The Mall', 'H4 - Dolby Atmos', 'D', '8', 7),
('The Mall', 'H5 - Gold Class', 'D', '8', 8),
('Ag. Dhmhtrios', 'H1', 'D', '9', 5),
('Ag. Dhmhtrios', 'H2', 'D', '9', 5),
('Ag. Dhmhtrios', 'H3 - 3D', 'D', '9', 7),
('Ag. Dhmhtrios', 'H4 - 3D', 'D', '9', 7),
('Falhro', 'H1', 'D', '9', 5),
('Falhro', 'H2', 'D', '9', 5),
('Falhro', 'H3 - 3D', 'D', '9', 7),
('Falhro', 'H4 - Gold Class', 'D', '9', 8),
('The Mall', 'H1', 'D', '9', 5),
('The Mall', 'H2', 'D', '9', 5),
('The Mall', 'H3 - 3D', 'D', '9', 7),
('The Mall', 'H4 - Dolby Atmos', 'D', '9', 7),
('The Mall', 'H5 - Gold Class', 'D', '9', 8),
('Ag. Dhmhtrios', 'H1', 'D', '10', 5),
('Ag. Dhmhtrios', 'H2', 'D', '10', 5),
('Ag. Dhmhtrios', 'H3 - 3D', 'D', '10', 7),
('Ag. Dhmhtrios', 'H4 - 3D', 'D', '10', 7),
('Falhro', 'H1', 'D', '10', 5),
('Falhro', 'H2', 'D', '10', 5),
('Falhro', 'H3 - 3D', 'D', '10', 7),
('Falhro', 'H4 - Gold Class', 'D', '10', 8),
('The Mall', 'H1', 'D', '10', 5),
('The Mall', 'H2', 'D', '10', 5),
('The Mall', 'H3 - 3D', 'D', '10', 7),
('The Mall', 'H4 - Dolby Atmos', 'D', '10', 7),
('The Mall', 'H5 - Gold Class', 'D', '10', 8),
('Ag. Dhmhtrios', 'H1', 'E', '1', 5),
('Ag. Dhmhtrios', 'H2', 'E', '1', 5),
('Ag. Dhmhtrios', 'H3 - 3D', 'E', '1', 7),
('Ag. Dhmhtrios', 'H4 - 3D', 'E', '1', 7),
('Falhro', 'H1', 'E', '1', 5),
('Falhro', 'H2', 'E', '1', 5),
('Falhro', 'H3 - 3D', 'E', '1', 7),
('Falhro', 'H4 - Gold Class', 'E', '1', 8),
('The Mall', 'H1', 'E', '1', 5),
('The Mall', 'H2', 'E', '1', 5),
('The Mall', 'H3 - 3D', 'E', '1', 7),
('The Mall', 'H4 - Dolby Atmos', 'E', '1', 7),
('The Mall', 'H5 - Gold Class', 'E', '1', 8),
('Ag. Dhmhtrios', 'H1', 'E', '2', 5),
('Ag. Dhmhtrios', 'H2', 'E', '2', 5),
('Ag. Dhmhtrios', 'H3 - 3D', 'E', '2', 7),
('Ag. Dhmhtrios', 'H4 - 3D', 'E', '2', 7),
('Falhro', 'H1', 'E', '2', 5),
('Falhro', 'H2', 'E', '2', 5),
('Falhro', 'H3 - 3D', 'E', '2', 7),
('Falhro', 'H4 - Gold Class', 'E', '2', 8),
('The Mall', 'H1', 'E', '2', 5),
('The Mall', 'H2', 'E', '2', 5),
('The Mall', 'H3 - 3D', 'E', '2', 7),
('The Mall', 'H4 - Dolby Atmos', 'E', '2', 7),
('The Mall', 'H5 - Gold Class', 'E', '2', 8),
('Ag. Dhmhtrios', 'H1', 'E', '3', 5),
('Ag. Dhmhtrios', 'H2', 'E', '3', 5),
('Ag. Dhmhtrios', 'H3 - 3D', 'E', '3', 7),
('Ag. Dhmhtrios', 'H4 - 3D', 'E', '3', 7),
('Falhro', 'H1', 'E', '3', 5),
('Falhro', 'H2', 'E', '3', 5),
('Falhro', 'H3 - 3D', 'E', '3', 7),
('Falhro', 'H4 - Gold Class', 'E', '3', 8),
('The Mall', 'H1', 'E', '3', 5),
('The Mall', 'H2', 'E', '3', 5),
('The Mall', 'H3 - 3D', 'E', '3', 7),
('The Mall', 'H4 - Dolby Atmos', 'E', '3', 7),
('The Mall', 'H5 - Gold Class', 'E', '3', 8),
('Ag. Dhmhtrios', 'H1', 'E', '4', 5),
('Ag. Dhmhtrios', 'H2', 'E', '4', 5),
('Ag. Dhmhtrios', 'H3 - 3D', 'E', '4', 7),
('Ag. Dhmhtrios', 'H4 - 3D', 'E', '4', 7),
('Falhro', 'H1', 'E', '4', 5),
('Falhro', 'H2', 'E', '4', 5),
('Falhro', 'H3 - 3D', 'E', '4', 7),
('Falhro', 'H4 - Gold Class', 'E', '4', 8),
('The Mall', 'H1', 'E', '4', 5),
('The Mall', 'H2', 'E', '4', 5),
('The Mall', 'H3 - 3D', 'E', '4', 7),
('The Mall', 'H4 - Dolby Atmos', 'E', '4', 7),
('The Mall', 'H5 - Gold Class', 'E', '4', 8),
('Ag. Dhmhtrios', 'H1', 'E', '5', 5),
('Ag. Dhmhtrios', 'H2', 'E', '5', 5),
('Ag. Dhmhtrios', 'H3 - 3D', 'E', '5', 7),
('Ag. Dhmhtrios', 'H4 - 3D', 'E', '5', 7),
('Falhro', 'H1', 'E', '5', 5),
('Falhro', 'H2', 'E', '5', 5),
('Falhro', 'H3 - 3D', 'E', '5', 7),
('Falhro', 'H4 - Gold Class', 'E', '5', 8),
('The Mall', 'H1', 'E', '5', 5),
('The Mall', 'H2', 'E', '5', 5),
('The Mall', 'H3 - 3D', 'E', '5', 7),
('The Mall', 'H4 - Dolby Atmos', 'E', '5', 7),
('The Mall', 'H5 - Gold Class', 'E', '5', 8),
('Ag. Dhmhtrios', 'H1', 'E', '6', 5),
('Ag. Dhmhtrios', 'H2', 'E', '6', 5),
('Ag. Dhmhtrios', 'H3 - 3D', 'E', '6', 7),
('Ag. Dhmhtrios', 'H4 - 3D', 'E', '6', 7),
('Falhro', 'H1', 'E', '6', 5),
('Falhro', 'H2', 'E', '6', 5),
('Falhro', 'H3 - 3D', 'E', '6', 7),
('Falhro', 'H4 - Gold Class', 'E', '6', 8),
('The Mall', 'H1', 'E', '6', 5),
('The Mall', 'H2', 'E', '6', 5),
('The Mall', 'H3 - 3D', 'E', '6', 7),
('The Mall', 'H4 - Dolby Atmos', 'E', '6', 7),
('The Mall', 'H5 - Gold Class', 'E', '6', 8),
('Ag. Dhmhtrios', 'H1', 'E', '7', 5),
('Ag. Dhmhtrios', 'H2', 'E', '7', 5),
('Ag. Dhmhtrios', 'H3 - 3D', 'E', '7', 7),
('Ag. Dhmhtrios', 'H4 - 3D', 'E', '7', 7),
('Falhro', 'H1', 'E', '7', 5),
('Falhro', 'H2', 'E', '7', 5),
('Falhro', 'H3 - 3D', 'E', '7', 7),
('Falhro', 'H4 - Gold Class', 'E', '7', 8),
('The Mall', 'H1', 'E', '7', 5),
('The Mall', 'H2', 'E', '7', 5),
('The Mall', 'H3 - 3D', 'E', '7', 7),
('The Mall', 'H4 - Dolby Atmos', 'E', '7', 7),
('The Mall', 'H5 - Gold Class', 'E', '7', 8),
('Ag. Dhmhtrios', 'H1', 'E', '8', 5),
('Ag. Dhmhtrios', 'H2', 'E', '8', 5),
('Ag. Dhmhtrios', 'H3 - 3D', 'E', '8', 7),
('Ag. Dhmhtrios', 'H4 - 3D', 'E', '8', 7),
('Falhro', 'H1', 'E', '8', 5),
('Falhro', 'H2', 'E', '8', 5),
('Falhro', 'H3 - 3D', 'E', '8', 7),
('Falhro', 'H4 - Gold Class', 'E', '8', 8),
('The Mall', 'H1', 'E', '8', 5),
('The Mall', 'H2', 'E', '8', 5),
('The Mall', 'H3 - 3D', 'E', '8', 7),
('The Mall', 'H4 - Dolby Atmos', 'E', '8', 7),
('The Mall', 'H5 - Gold Class', 'E', '8', 8),
('Ag. Dhmhtrios', 'H1', 'E', '9', 5),
('Ag. Dhmhtrios', 'H2', 'E', '9', 5),
('Ag. Dhmhtrios', 'H3 - 3D', 'E', '9', 7),
('Ag. Dhmhtrios', 'H4 - 3D', 'E', '9', 7),
('Falhro', 'H1', 'E', '9', 5),
('Falhro', 'H2', 'E', '9', 5),
('Falhro', 'H3 - 3D', 'E', '9', 7),
('Falhro', 'H4 - Gold Class', 'E', '9', 8),
('The Mall', 'H1', 'E', '9', 5),
('The Mall', 'H2', 'E', '9', 5),
('The Mall', 'H3 - 3D', 'E', '9', 7),
('The Mall', 'H4 - Dolby Atmos', 'E', '9', 7),
('The Mall', 'H5 - Gold Class', 'E', '9', 8),
('Ag. Dhmhtrios', 'H1', 'E', '10', 5),
('Ag. Dhmhtrios', 'H2', 'E', '10', 5),
('Ag. Dhmhtrios', 'H3 - 3D', 'E', '10', 7),
('Ag. Dhmhtrios', 'H4 - 3D', 'E', '10', 7),
('Falhro', 'H1', 'E', '10', 5),
('Falhro', 'H2', 'E', '10', 5),
('Falhro', 'H3 - 3D', 'E', '10', 7),
('Falhro', 'H4 - Gold Class', 'E', '10', 8),
('The Mall', 'H1', 'E', '10', 5),
('The Mall', 'H2', 'E', '10', 5),
('The Mall', 'H3 - 3D', 'E', '10', 7),
('The Mall', 'H4 - Dolby Atmos', 'E', '10', 7),
('The Mall', 'H5 - Gold Class', 'E', '10', 8),
('Ag. Dhmhtrios', 'H1', 'F', '1', 5),
('Ag. Dhmhtrios', 'H2', 'F', '1', 5),
('Ag. Dhmhtrios', 'H3 - 3D', 'F', '1', 7),
('Ag. Dhmhtrios', 'H4 - 3D', 'F', '1', 7),
('Falhro', 'H1', 'F', '1', 5),
('Falhro', 'H2', 'F', '1', 5),
('Falhro', 'H3 - 3D', 'F', '1', 7),
('Falhro', 'H4 - Gold Class', 'F', '1', 8),
('The Mall', 'H1', 'F', '1', 5),
('The Mall', 'H2', 'F', '1', 5),
('The Mall', 'H3 - 3D', 'F', '1', 7),
('The Mall', 'H4 - Dolby Atmos', 'F', '1', 7),
('The Mall', 'H5 - Gold Class', 'F', '1', 8),
('Ag. Dhmhtrios', 'H1', 'F', '2', 5),
('Ag. Dhmhtrios', 'H2', 'F', '2', 5),
('Ag. Dhmhtrios', 'H3 - 3D', 'F', '2', 7),
('Ag. Dhmhtrios', 'H4 - 3D', 'F', '2', 7),
('Falhro', 'H1', 'F', '2', 5),
('Falhro', 'H2', 'F', '2', 5),
('Falhro', 'H3 - 3D', 'F', '2', 7),
('Falhro', 'H4 - Gold Class', 'F', '2', 8),
('The Mall', 'H1', 'F', '2', 5),
('The Mall', 'H2', 'F', '2', 5),
('The Mall', 'H3 - 3D', 'F', '2', 7),
('The Mall', 'H4 - Dolby Atmos', 'F', '2', 7),
('The Mall', 'H5 - Gold Class', 'F', '2', 8),
('Ag. Dhmhtrios', 'H1', 'F', '3', 5),
('Ag. Dhmhtrios', 'H2', 'F', '3', 5),
('Ag. Dhmhtrios', 'H3 - 3D', 'F', '3', 7),
('Ag. Dhmhtrios', 'H4 - 3D', 'F', '3', 7),
('Falhro', 'H1', 'F', '3', 5),
('Falhro', 'H2', 'F', '3', 5),
('Falhro', 'H3 - 3D', 'F', '3', 7),
('Falhro', 'H4 - Gold Class', 'F', '3', 8),
('The Mall', 'H1', 'F', '3', 5),
('The Mall', 'H2', 'F', '3', 5),
('The Mall', 'H3 - 3D', 'F', '3', 7),
('The Mall', 'H4 - Dolby Atmos', 'F', '3', 7),
('The Mall', 'H5 - Gold Class', 'F', '3', 8),
('Ag. Dhmhtrios', 'H1', 'F', '4', 5),
('Ag. Dhmhtrios', 'H2', 'F', '4', 5),
('Ag. Dhmhtrios', 'H3 - 3D', 'F', '4', 7),
('Ag. Dhmhtrios', 'H4 - 3D', 'F', '4', 7),
('Falhro', 'H1', 'F', '4', 5),
('Falhro', 'H2', 'F', '4', 5),
('Falhro', 'H3 - 3D', 'F', '4', 7),
('Falhro', 'H4 - Gold Class', 'F', '4', 8),
('The Mall', 'H1', 'F', '4', 5),
('The Mall', 'H2', 'F', '4', 5),
('The Mall', 'H3 - 3D', 'F', '4', 7),
('The Mall', 'H4 - Dolby Atmos', 'F', '4', 7),
('The Mall', 'H5 - Gold Class', 'F', '4', 8),
('Ag. Dhmhtrios', 'H1', 'F', '5', 5),
('Ag. Dhmhtrios', 'H2', 'F', '5', 5),
('Ag. Dhmhtrios', 'H3 - 3D', 'F', '5', 7),
('Ag. Dhmhtrios', 'H4 - 3D', 'F', '5', 7),
('Falhro', 'H1', 'F', '5', 5),
('Falhro', 'H2', 'F', '5', 5),
('Falhro', 'H3 - 3D', 'F', '5', 7),
('Falhro', 'H4 - Gold Class', 'F', '5', 8),
('The Mall', 'H1', 'F', '5', 5),
('The Mall', 'H2', 'F', '5', 5),
('The Mall', 'H3 - 3D', 'F', '5', 7),
('The Mall', 'H4 - Dolby Atmos', 'F', '5', 7),
('The Mall', 'H5 - Gold Class', 'F', '5', 8),
('Ag. Dhmhtrios', 'H1', 'F', '6', 5),
('Ag. Dhmhtrios', 'H2', 'F', '6', 5),
('Ag. Dhmhtrios', 'H3 - 3D', 'F', '6', 7),
('Ag. Dhmhtrios', 'H4 - 3D', 'F', '6', 7),
('Falhro', 'H1', 'F', '6', 5),
('Falhro', 'H2', 'F', '6', 5),
('Falhro', 'H3 - 3D', 'F', '6', 7),
('Falhro', 'H4 - Gold Class', 'F', '6', 8),
('The Mall', 'H1', 'F', '6', 5),
('The Mall', 'H2', 'F', '6', 5),
('The Mall', 'H3 - 3D', 'F', '6', 7),
('The Mall', 'H4 - Dolby Atmos', 'F', '6', 7),
('The Mall', 'H5 - Gold Class', 'F', '6', 8),
('Ag. Dhmhtrios', 'H1', 'F', '7', 5),
('Ag. Dhmhtrios', 'H2', 'F', '7', 5),
('Ag. Dhmhtrios', 'H3 - 3D', 'F', '7', 7),
('Ag. Dhmhtrios', 'H4 - 3D', 'F', '7', 7),
('Falhro', 'H1', 'F', '7', 5),
('Falhro', 'H2', 'F', '7', 5),
('Falhro', 'H3 - 3D', 'F', '7', 7),
('Falhro', 'H4 - Gold Class', 'F', '7', 8),
('The Mall', 'H1', 'F', '7', 5),
('The Mall', 'H2', 'F', '7', 5),
('The Mall', 'H3 - 3D', 'F', '7', 7),
('The Mall', 'H4 - Dolby Atmos', 'F', '7', 7),
('The Mall', 'H5 - Gold Class', 'F', '7', 8),
('Ag. Dhmhtrios', 'H1', 'F', '8', 5),
('Ag. Dhmhtrios', 'H2', 'F', '8', 5),
('Ag. Dhmhtrios', 'H3 - 3D', 'F', '8', 7),
('Ag. Dhmhtrios', 'H4 - 3D', 'F', '8', 7),
('Falhro', 'H1', 'F', '8', 5),
('Falhro', 'H2', 'F', '8', 5),
('Falhro', 'H3 - 3D', 'F', '8', 7),
('Falhro', 'H4 - Gold Class', 'F', '8', 8),
('The Mall', 'H1', 'F', '8', 5),
('The Mall', 'H2', 'F', '8', 5),
('The Mall', 'H3 - 3D', 'F', '8', 7),
('The Mall', 'H4 - Dolby Atmos', 'F', '8', 7),
('The Mall', 'H5 - Gold Class', 'F', '8', 8),
('Ag. Dhmhtrios', 'H1', 'F', '9', 5),
('Ag. Dhmhtrios', 'H2', 'F', '9', 5),
('Ag. Dhmhtrios', 'H3 - 3D', 'F', '9', 7),
('Ag. Dhmhtrios', 'H4 - 3D', 'F', '9', 7),
('Falhro', 'H1', 'F', '9', 5),
('Falhro', 'H2', 'F', '9', 5),
('Falhro', 'H3 - 3D', 'F', '9', 7),
('Falhro', 'H4 - Gold Class', 'F', '9', 8),
('The Mall', 'H1', 'F', '9', 5),
('The Mall', 'H2', 'F', '9', 5),
('The Mall', 'H3 - 3D', 'F', '9', 7),
('The Mall', 'H4 - Dolby Atmos', 'F', '9', 7),
('The Mall', 'H5 - Gold Class', 'F', '9', 8),
('Ag. Dhmhtrios', 'H1', 'F', '10', 5),
('Ag. Dhmhtrios', 'H2', 'F', '10', 5),
('Ag. Dhmhtrios', 'H3 - 3D', 'F', '10', 7),
('Ag. Dhmhtrios', 'H4 - 3D', 'F', '10', 7),
('Falhro', 'H1', 'F', '10', 5),
('Falhro', 'H2', 'F', '10', 5),
('Falhro', 'H3 - 3D', 'F', '10', 7),
('Falhro', 'H4 - Gold Class', 'F', '10', 8),
('The Mall', 'H1', 'F', '10', 5),
('The Mall', 'H2', 'F', '10', 5),
('The Mall', 'H3 - 3D', 'F', '10', 7),
('The Mall', 'H4 - Dolby Atmos', 'F', '10', 7),
('The Mall', 'H5 - Gold Class', 'F', '10', 8),
('Ag. Dhmhtrios', 'H1', 'G', '1', 5),
('Ag. Dhmhtrios', 'H2', 'G', '1', 5),
('Ag. Dhmhtrios', 'H3 - 3D', 'G', '1', 7),
('Ag. Dhmhtrios', 'H4 - 3D', 'G', '1', 7),
('Falhro', 'H1', 'G', '1', 5),
('Falhro', 'H2', 'G', '1', 5),
('Falhro', 'H3 - 3D', 'G', '1', 7),
('Falhro', 'H4 - Gold Class', 'G', '1', 8),
('The Mall', 'H1', 'G', '1', 5),
('The Mall', 'H2', 'G', '1', 5),
('The Mall', 'H3 - 3D', 'G', '1', 7),
('The Mall', 'H4 - Dolby Atmos', 'G', '1', 7),
('The Mall', 'H5 - Gold Class', 'G', '1', 8),
('Ag. Dhmhtrios', 'H1', 'G', '2', 5),
('Ag. Dhmhtrios', 'H2', 'G', '2', 5),
('Ag. Dhmhtrios', 'H3 - 3D', 'G', '2', 7),
('Ag. Dhmhtrios', 'H4 - 3D', 'G', '2', 7),
('Falhro', 'H1', 'G', '2', 5),
('Falhro', 'H2', 'G', '2', 5),
('Falhro', 'H3 - 3D', 'G', '2', 7),
('Falhro', 'H4 - Gold Class', 'G', '2', 8),
('The Mall', 'H1', 'G', '2', 5),
('The Mall', 'H2', 'G', '2', 5),
('The Mall', 'H3 - 3D', 'G', '2', 7),
('The Mall', 'H4 - Dolby Atmos', 'G', '2', 7),
('The Mall', 'H5 - Gold Class', 'G', '2', 8),
('Ag. Dhmhtrios', 'H1', 'G', '3', 5),
('Ag. Dhmhtrios', 'H2', 'G', '3', 5),
('Ag. Dhmhtrios', 'H3 - 3D', 'G', '3', 7),
('Ag. Dhmhtrios', 'H4 - 3D', 'G', '3', 7),
('Falhro', 'H1', 'G', '3', 5),
('Falhro', 'H2', 'G', '3', 5),
('Falhro', 'H3 - 3D', 'G', '3', 7),
('Falhro', 'H4 - Gold Class', 'G', '3', 8),
('The Mall', 'H1', 'G', '3', 5),
('The Mall', 'H2', 'G', '3', 5),
('The Mall', 'H3 - 3D', 'G', '3', 7),
('The Mall', 'H4 - Dolby Atmos', 'G', '3', 7),
('The Mall', 'H5 - Gold Class', 'G', '3', 8),
('Ag. Dhmhtrios', 'H1', 'G', '4', 5),
('Ag. Dhmhtrios', 'H2', 'G', '4', 5),
('Ag. Dhmhtrios', 'H3 - 3D', 'G', '4', 7),
('Ag. Dhmhtrios', 'H4 - 3D', 'G', '4', 7),
('Falhro', 'H1', 'G', '4', 5),
('Falhro', 'H2', 'G', '4', 5),
('Falhro', 'H3 - 3D', 'G', '4', 7),
('Falhro', 'H4 - Gold Class', 'G', '4', 8),
('The Mall', 'H1', 'G', '4', 5),
('The Mall', 'H2', 'G', '4', 5),
('The Mall', 'H3 - 3D', 'G', '4', 7),
('The Mall', 'H4 - Dolby Atmos', 'G', '4', 7),
('The Mall', 'H5 - Gold Class', 'G', '4', 8),
('Ag. Dhmhtrios', 'H1', 'G', '5', 5),
('Ag. Dhmhtrios', 'H2', 'G', '5', 5),
('Ag. Dhmhtrios', 'H3 - 3D', 'G', '5', 7),
('Ag. Dhmhtrios', 'H4 - 3D', 'G', '5', 7),
('Falhro', 'H1', 'G', '5', 5),
('Falhro', 'H2', 'G', '5', 5),
('Falhro', 'H3 - 3D', 'G', '5', 7),
('Falhro', 'H4 - Gold Class', 'G', '5', 8),
('The Mall', 'H1', 'G', '5', 5),
('The Mall', 'H2', 'G', '5', 5),
('The Mall', 'H3 - 3D', 'G', '5', 7),
('The Mall', 'H4 - Dolby Atmos', 'G', '5', 7),
('The Mall', 'H5 - Gold Class', 'G', '5', 8),
('Ag. Dhmhtrios', 'H1', 'G', '6', 5),
('Ag. Dhmhtrios', 'H2', 'G', '6', 5),
('Ag. Dhmhtrios', 'H3 - 3D', 'G', '6', 7),
('Ag. Dhmhtrios', 'H4 - 3D', 'G', '6', 7),
('Falhro', 'H1', 'G', '6', 5),
('Falhro', 'H2', 'G', '6', 5),
('Falhro', 'H3 - 3D', 'G', '6', 7),
('Falhro', 'H4 - Gold Class', 'G', '6', 8),
('The Mall', 'H1', 'G', '6', 5),
('The Mall', 'H2', 'G', '6', 5),
('The Mall', 'H3 - 3D', 'G', '6', 7),
('The Mall', 'H4 - Dolby Atmos', 'G', '6', 7),
('The Mall', 'H5 - Gold Class', 'G', '6', 8),
('Ag. Dhmhtrios', 'H1', 'G', '7', 5),
('Ag. Dhmhtrios', 'H2', 'G', '7', 5),
('Ag. Dhmhtrios', 'H3 - 3D', 'G', '7', 7),
('Ag. Dhmhtrios', 'H4 - 3D', 'G', '7', 7),
('Falhro', 'H1', 'G', '7', 5),
('Falhro', 'H2', 'G', '7', 5),
('Falhro', 'H3 - 3D', 'G', '7', 7),
('Falhro', 'H4 - Gold Class', 'G', '7', 8),
('The Mall', 'H1', 'G', '7', 5),
('The Mall', 'H2', 'G', '7', 5),
('The Mall', 'H3 - 3D', 'G', '7', 7),
('The Mall', 'H4 - Dolby Atmos', 'G', '7', 7),
('The Mall', 'H5 - Gold Class', 'G', '7', 8),
('Ag. Dhmhtrios', 'H1', 'G', '8', 5),
('Ag. Dhmhtrios', 'H2', 'G', '8', 5),
('Ag. Dhmhtrios', 'H3 - 3D', 'G', '8', 7),
('Ag. Dhmhtrios', 'H4 - 3D', 'G', '8', 7),
('Falhro', 'H1', 'G', '8', 5),
('Falhro', 'H2', 'G', '8', 5),
('Falhro', 'H3 - 3D', 'G', '8', 7),
('Falhro', 'H4 - Gold Class', 'G', '8', 8),
('The Mall', 'H1', 'G', '8', 5),
('The Mall', 'H2', 'G', '8', 5),
('The Mall', 'H3 - 3D', 'G', '8', 7),
('The Mall', 'H4 - Dolby Atmos', 'G', '8', 7),
('The Mall', 'H5 - Gold Class', 'G', '8', 8),
('Ag. Dhmhtrios', 'H1', 'G', '9', 5),
('Ag. Dhmhtrios', 'H2', 'G', '9', 5),
('Ag. Dhmhtrios', 'H3 - 3D', 'G', '9', 7),
('Ag. Dhmhtrios', 'H4 - 3D', 'G', '9', 7),
('Falhro', 'H1', 'G', '9', 5),
('Falhro', 'H2', 'G', '9', 5),
('Falhro', 'H3 - 3D', 'G', '9', 7),
('Falhro', 'H4 - Gold Class', 'G', '9', 8),
('The Mall', 'H1', 'G', '9', 5),
('The Mall', 'H2', 'G', '9', 5),
('The Mall', 'H3 - 3D', 'G', '9', 7),
('The Mall', 'H4 - Dolby Atmos', 'G', '9', 7),
('The Mall', 'H5 - Gold Class', 'G', '9', 8),
('Ag. Dhmhtrios', 'H1', 'G', '10', 5),
('Ag. Dhmhtrios', 'H2', 'G', '10', 5),
('Ag. Dhmhtrios', 'H3 - 3D', 'G', '10', 7),
('Ag. Dhmhtrios', 'H4 - 3D', 'G', '10', 7),
('Falhro', 'H1', 'G', '10', 5),
('Falhro', 'H2', 'G', '10', 5),
('Falhro', 'H3 - 3D', 'G', '10', 7),
('Falhro', 'H4 - Gold Class', 'G', '10', 8),
('The Mall', 'H1', 'G', '10', 5),
('The Mall', 'H2', 'G', '10', 5),
('The Mall', 'H3 - 3D', 'G', '10', 7),
('The Mall', 'H4 - Dolby Atmos', 'G', '10', 7),
('The Mall', 'H5 - Gold Class', 'G', '10', 8),
('Ag. Dhmhtrios', 'H3 - 3D', 'H', '1', 7),
('Ag. Dhmhtrios', 'H4 - 3D', 'H', '1', 7),
('Falhro', 'H3 - 3D', 'H', '1', 7),
('Falhro', 'H4 - Gold Class', 'H', '1', 8),
('The Mall', 'H1', 'H', '1', 5),
('The Mall', 'H2', 'H', '1', 5),
('The Mall', 'H3 - 3D', 'H', '1', 7),
('The Mall', 'H4 - Dolby Atmos', 'H', '1', 7),
('The Mall', 'H5 - Gold Class', 'H', '1', 8),
('Ag. Dhmhtrios', 'H3 - 3D', 'H', '2', 7),
('Ag. Dhmhtrios', 'H4 - 3D', 'H', '2', 7),
('Falhro', 'H3 - 3D', 'H', '2', 7),
('Falhro', 'H4 - Gold Class', 'H', '2', 8),
('The Mall', 'H1', 'H', '2', 5),
('The Mall', 'H2', 'H', '2', 5),
('The Mall', 'H3 - 3D', 'H', '2', 7),
('The Mall', 'H4 - Dolby Atmos', 'H', '2', 7),
('The Mall', 'H5 - Gold Class', 'H', '2', 8),
('Ag. Dhmhtrios', 'H3 - 3D', 'H', '3', 7),
('Ag. Dhmhtrios', 'H4 - 3D', 'H', '3', 7),
('Falhro', 'H3 - 3D', 'H', '3', 7),
('Falhro', 'H4 - Gold Class', 'H', '3', 8),
('The Mall', 'H1', 'H', '3', 5),
('The Mall', 'H2', 'H', '3', 5),
('The Mall', 'H3 - 3D', 'H', '3', 7),
('The Mall', 'H4 - Dolby Atmos', 'H', '3', 7),
('The Mall', 'H5 - Gold Class', 'H', '3', 8),
('Ag. Dhmhtrios', 'H3 - 3D', 'H', '4', 7),
('Ag. Dhmhtrios', 'H4 - 3D', 'H', '4', 7),
('Falhro', 'H3 - 3D', 'H', '4', 7),
('Falhro', 'H4 - Gold Class', 'H', '4', 8),
('The Mall', 'H1', 'H', '4', 5),
('The Mall', 'H2', 'H', '4', 5),
('The Mall', 'H3 - 3D', 'H', '4', 7),
('The Mall', 'H4 - Dolby Atmos', 'H', '4', 7),
('The Mall', 'H5 - Gold Class', 'H', '4', 8),
('Ag. Dhmhtrios', 'H3 - 3D', 'H', '5', 7),
('Ag. Dhmhtrios', 'H4 - 3D', 'H', '5', 7),
('Falhro', 'H3 - 3D', 'H', '5', 7),
('Falhro', 'H4 - Gold Class', 'H', '5', 8),
('The Mall', 'H1', 'H', '5', 5),
('The Mall', 'H2', 'H', '5', 5),
('The Mall', 'H3 - 3D', 'H', '5', 7),
('The Mall', 'H4 - Dolby Atmos', 'H', '5', 7),
('The Mall', 'H5 - Gold Class', 'H', '5', 8),
('Ag. Dhmhtrios', 'H3 - 3D', 'H', '6', 7),
('Ag. Dhmhtrios', 'H4 - 3D', 'H', '6', 7),
('Falhro', 'H3 - 3D', 'H', '6', 7),
('Falhro', 'H4 - Gold Class', 'H', '6', 8),
('The Mall', 'H1', 'H', '6', 5),
('The Mall', 'H2', 'H', '6', 5),
('The Mall', 'H3 - 3D', 'H', '6', 7),
('The Mall', 'H4 - Dolby Atmos', 'H', '6', 7),
('The Mall', 'H5 - Gold Class', 'H', '6', 8),
('Ag. Dhmhtrios', 'H3 - 3D', 'H', '7', 7),
('Ag. Dhmhtrios', 'H4 - 3D', 'H', '7', 7),
('Falhro', 'H3 - 3D', 'H', '7', 7),
('Falhro', 'H4 - Gold Class', 'H', '7', 8),
('The Mall', 'H1', 'H', '7', 5),
('The Mall', 'H2', 'H', '7', 5),
('The Mall', 'H3 - 3D', 'H', '7', 7),
('The Mall', 'H4 - Dolby Atmos', 'H', '7', 7),
('The Mall', 'H5 - Gold Class', 'H', '7', 8),
('Ag. Dhmhtrios', 'H3 - 3D', 'H', '8', 7),
('Ag. Dhmhtrios', 'H4 - 3D', 'H', '8', 7),
('Falhro', 'H3 - 3D', 'H', '8', 7),
('Falhro', 'H4 - Gold Class', 'H', '8', 8),
('The Mall', 'H1', 'H', '8', 5),
('The Mall', 'H2', 'H', '8', 5),
('The Mall', 'H3 - 3D', 'H', '8', 7),
('The Mall', 'H4 - Dolby Atmos', 'H', '8', 7),
('The Mall', 'H5 - Gold Class', 'H', '8', 8),
('Ag. Dhmhtrios', 'H3 - 3D', 'H', '9', 7),
('Ag. Dhmhtrios', 'H4 - 3D', 'H', '9', 7),
('Falhro', 'H3 - 3D', 'H', '9', 7),
('Falhro', 'H4 - Gold Class', 'H', '9', 8),
('The Mall', 'H1', 'H', '9', 5),
('The Mall', 'H2', 'H', '9', 5),
('The Mall', 'H3 - 3D', 'H', '9', 7),
('The Mall', 'H4 - Dolby Atmos', 'H', '9', 7),
('The Mall', 'H5 - Gold Class', 'H', '9', 8),
('Ag. Dhmhtrios', 'H3 - 3D', 'H', '10', 7),
('Ag. Dhmhtrios', 'H4 - 3D', 'H', '10', 7),
('Falhro', 'H3 - 3D', 'H', '10', 7),
('Falhro', 'H4 - Gold Class', 'H', '10', 8),
('The Mall', 'H1', 'H', '10', 5),
('The Mall', 'H2', 'H', '10', 5),
('The Mall', 'H3 - 3D', 'H', '10', 7),
('The Mall', 'H4 - Dolby Atmos', 'H', '10', 7),
('The Mall', 'H5 - Gold Class', 'H', '10', 8),
('Falhro', 'H4 - Gold Class', 'I', '1', 8),
('The Mall', 'H3 - 3D', 'I', '1', 7),
('The Mall', 'H4 - Dolby Atmos', 'I', '1', 7),
('The Mall', 'H5 - Gold Class', 'I', '1', 8),
('Falhro', 'H4 - Gold Class', 'I', '2', 8),
('The Mall', 'H3 - 3D', 'I', '2', 7),
('The Mall', 'H4 - Dolby Atmos', 'I', '2', 7),
('The Mall', 'H5 - Gold Class', 'I', '2', 8),
('Falhro', 'H4 - Gold Class', 'I', '3', 8),
('The Mall', 'H3 - 3D', 'I', '3', 7),
('The Mall', 'H4 - Dolby Atmos', 'I', '3', 7),
('The Mall', 'H5 - Gold Class', 'I', '3', 8),
('Falhro', 'H4 - Gold Class', 'I', '4', 8),
('The Mall', 'H3 - 3D', 'I', '4', 7),
('The Mall', 'H4 - Dolby Atmos', 'I', '4', 7),
('The Mall', 'H5 - Gold Class', 'I', '4', 8),
('Falhro', 'H4 - Gold Class', 'I', '5', 8),
('The Mall', 'H3 - 3D', 'I', '5', 7),
('The Mall', 'H4 - Dolby Atmos', 'I', '5', 7),
('The Mall', 'H5 - Gold Class', 'I', '5', 8),
('Falhro', 'H4 - Gold Class', 'I', '6', 8),
('The Mall', 'H3 - 3D', 'I', '6', 7),
('The Mall', 'H4 - Dolby Atmos', 'I', '6', 7),
('The Mall', 'H5 - Gold Class', 'I', '6', 8),
('Falhro', 'H4 - Gold Class', 'I', '7', 8),
('The Mall', 'H3 - 3D', 'I', '7', 7),
('The Mall', 'H4 - Dolby Atmos', 'I', '7', 7),
('The Mall', 'H5 - Gold Class', 'I', '7', 8),
('Falhro', 'H4 - Gold Class', 'I', '8', 8),
('The Mall', 'H3 - 3D', 'I', '8', 7),
('The Mall', 'H4 - Dolby Atmos', 'I', '8', 7),
('The Mall', 'H5 - Gold Class', 'I', '8', 8),
('Falhro', 'H4 - Gold Class', 'I', '9', 8),
('The Mall', 'H3 - 3D', 'I', '9', 7),
('The Mall', 'H4 - Dolby Atmos', 'I', '9', 7),
('The Mall', 'H5 - Gold Class', 'I', '9', 8),
('Falhro', 'H4 - Gold Class', 'I', '10', 8),
('The Mall', 'H3 - 3D', 'I', '10', 7),
('The Mall', 'H4 - Dolby Atmos', 'I', '10', 7),
('The Mall', 'H5 - Gold Class', 'I', '10', 8),
('The Mall', 'H4 - Dolby Atmos', 'J', '1', 7),
('The Mall', 'H5 - Gold Class', 'J', '1', 8),
('The Mall', 'H4 - Dolby Atmos', 'J', '2', 7),
('The Mall', 'H5 - Gold Class', 'J', '2', 8),
('The Mall', 'H4 - Dolby Atmos', 'J', '3', 7),
('The Mall', 'H5 - Gold Class', 'J', '3', 8),
('The Mall', 'H4 - Dolby Atmos', 'J', '4', 7),
('The Mall', 'H5 - Gold Class', 'J', '4', 8),
('The Mall', 'H4 - Dolby Atmos', 'J', '5', 7),
('The Mall', 'H5 - Gold Class', 'J', '5', 8),
('The Mall', 'H4 - Dolby Atmos', 'J', '6', 7),
('The Mall', 'H5 - Gold Class', 'J', '6', 8),
('The Mall', 'H4 - Dolby Atmos', 'J', '7', 7),
('The Mall', 'H5 - Gold Class', 'J', '7', 8),
('The Mall', 'H4 - Dolby Atmos', 'J', '8', 7),
('The Mall', 'H5 - Gold Class', 'J', '8', 8),
('The Mall', 'H4 - Dolby Atmos', 'J', '9', 7),
('The Mall', 'H5 - Gold Class', 'J', '9', 8),
('The Mall', 'H4 - Dolby Atmos', 'J', '10', 7),
('The Mall', 'H5 - Gold Class', 'J', '10', 8);

--
-- Indexes for dumped tables
--

--
-- Indexes for table `booking`
--
ALTER TABLE `booking`
  ADD PRIMARY KEY (`id`),
  ADD KEY `booking_customer_fk` (`customer_first_name`,`customer_last_name`,`customer_phone_number`),
  ADD KEY `booking_screening_fk` (`screening_start_time`,`screening_movie_title`,`screening_hall_cinema_location`,`screening_hall_name`);

--
-- Indexes for table `cinema`
--
ALTER TABLE `cinema`
  ADD PRIMARY KEY (`location`);

--
-- Indexes for table `customer`
--
ALTER TABLE `customer`
  ADD PRIMARY KEY (`first_name`,`last_name`,`phone_number`);

--
-- Indexes for table `hall`
--
ALTER TABLE `hall`
  ADD PRIMARY KEY (`name`,`cinema_location`),
  ADD KEY `hall_cinema_fk` (`cinema_location`);

--
-- Indexes for table `movie`
--
ALTER TABLE `movie`
  ADD PRIMARY KEY (`title`);

--
-- Indexes for table `screening`
--
ALTER TABLE `screening`
  ADD PRIMARY KEY (`start_time`,`movie_title`,`hall_cinema_location`,`hall_name`),
  ADD KEY `screening_hall_fk` (`hall_name`,`hall_cinema_location`),
  ADD KEY `screening_movie_fk` (`movie_title`);

--
-- Indexes for table `seat`
--
ALTER TABLE `seat`
  ADD PRIMARY KEY (`row_number`,`seat_number`,`hall_cinema_location`,`hall_name`),
  ADD KEY `seat_hall_fk` (`hall_name`,`hall_cinema_location`);

--
-- Constraints for dumped tables
--

--
-- Constraints for table `booking`
--
ALTER TABLE `booking`
  ADD CONSTRAINT `booking_customer_fk` FOREIGN KEY (`customer_first_name`,`customer_last_name`,`customer_phone_number`) REFERENCES `customer` (`first_name`, `last_name`, `phone_number`),
  ADD CONSTRAINT `booking_screening_fk` FOREIGN KEY (`screening_start_time`,`screening_movie_title`,`screening_hall_cinema_location`,`screening_hall_name`) REFERENCES `screening` (`start_time`, `movie_title`, `hall_cinema_location`, `hall_name`);

--
-- Constraints for table `hall`
--
ALTER TABLE `hall`
  ADD CONSTRAINT `hall_cinema_fk` FOREIGN KEY (`cinema_location`) REFERENCES `cinema` (`location`);

--
-- Constraints for table `screening`
--
ALTER TABLE `screening`
  ADD CONSTRAINT `screening_hall_fk` FOREIGN KEY (`hall_name`,`hall_cinema_location`) REFERENCES `hall` (`name`, `cinema_location`),
  ADD CONSTRAINT `screening_movie_fk` FOREIGN KEY (`movie_title`) REFERENCES `movie` (`title`);

--
-- Constraints for table `seat`
--
ALTER TABLE `seat`
  ADD CONSTRAINT `seat_hall_fk` FOREIGN KEY (`hall_name`,`hall_cinema_location`) REFERENCES `hall` (`name`, `cinema_location`);
COMMIT;

/*!40101 SET CHARACTER_SET_CLIENT=@OLD_CHARACTER_SET_CLIENT */;
/*!40101 SET CHARACTER_SET_RESULTS=@OLD_CHARACTER_SET_RESULTS */;
/*!40101 SET COLLATION_CONNECTION=@OLD_COLLATION_CONNECTION */;
